symbol,base,enabled,min_qty,min_price,max_price,last_price,min_notional_est,trade_count,traded_notional,trade_history_start,trade_history_end,trade_pages,trade_coverage,median_gap_s,p95_gap_s,active_hours,span_hours,trades_per_hour,last_trade_age_min,n_depth,depth_obs_start,depth_obs_end,spread_observed_bps,depth_ask_5_usdt,depth_ask_10_usdt,depth_ask_25_usdt,depth_bid_5_usdt,depth_bid_10_usdt,depth_bid_25_usdt,bid_vwap_exit_10,fee_status,fee_maker_bps,fee_taker_bps,external_reference,candidate_status,reason
AGRSUSDT,AGRS,False,0.01,?,?,,,0,0.0,,,1,no_trades_observed,,,0,,,,0,,,,,,,,,,,fee_unverified,,,missing,fail,market_disabled
ARBUSDT,ARB,True,0.01,?,?,0.201666165,0.0020166616500000003,300,4058.33,2026-08-29T17:47:08Z,2026-10-03T10:03:43Z,3,history_truncated,741.0,56434.0,141,832.28,0.36,201.0,2,2026-10-03T10:24:31Z,2026-10-03T10:24:34Z,1818.1,0.21999899,0.21999899,0.21999899,0.1813235496038154,0.18074996609809577,0.18039667907254175,0.1808737316151266,fee_unverified,,,yes,insufficient_evidence,trades_per_hour=0.36 < 5
ARRRUSDT,ARRR,True,0.1,?,?,0.29805,0.029804999999999998,100,8258.48,2026-08-18T22:08:23Z,2026-10-03T00:32:04Z,1,coverage_unknown,274.0,263909.0,42,1082.39,0.09,772.9,2,2026-10-03T10:24:46Z,2026-10-03T10:24:49Z,3150.5,0.345,0.3467486591848543,0.37177682640173654,0.2511,0.2511,0.2511,0.2511,fee_unverified,,,missing,insufficient_evidence,trades_per_hour=0.09 < 5
AVAXUSDT,AVAX,True,0.01,?,?,11.760549975,0.11760549975000001,300,6956.82,2026-08-18T21:49:10Z,2026-10-02T23:32:04Z,3,history_truncated,4099.0,51446.0,183,1081.71,0.28,833.1,2,2026-10-03T10:24:58Z,2026-10-03T10:25:01Z,2107.8,12.99999995,12.99999995,12.99999995,10.5211,10.494725732409686,10.267929244607155,10.51756499997475,fee_unverified,,,yes,insufficient_evidence,trades_per_hour=0.28 < 5
B1TUSDT,B1T,False,0.01,?,?,,,0,0.0,,,1,no_trades_observed,,,0,,,,0,,,,,,,,,,,fee_unverified,,,missing,fail,market_disabled
BIP110USDT,BIP110,False,0.001,?,?,,,0,0.0,,,1,no_trades_observed,,,0,,,,0,,,,,,,,,,,fee_unverified,,,missing,fail,market_disabled
BLOCXUSDT,BLOCX,False,0.01,?,?,,,0,0.0,,,1,no_trades_observed,,,0,,,,0,,,,,,,,,,,fee_unverified,,,missing,fail,market_disabled
BNBUSDT,BNB,True,0.001,?,?,765.505,0.765505,300,22855.05,2026-09-25T19:22:28Z,2026-10-03T08:05:13Z,3,history_truncated,37.0,11884.0,83,180.71,1.66,320.5,2,2026-10-03T10:25:31Z,2026-10-03T10:25:34Z,143.6,771.0,771.0,771.0726956685482,760.01,760.01,760.01,760.01,fee_unverified,,,yes,insufficient_evidence,trades_per_hour=1.66 < 5
BTCUSDT,BTC,True,0.00001,?,?,84853.0,0.8485300000000001,300,32515.06,2026-10-01T22:00:59Z,2026-10-03T10:25:34Z,3,history_truncated,139.0,1768.0,37,36.41,8.24,180.4,2,2026-10-03T10:25:46Z,2026-10-03T10:25:49Z,173.5,85589.0,85589.0,85589.0,84117.0,84117.0,84117.0,84117.0,fee_unverified,,,yes,pass,ok
BTCZUSDT,BTCZ,True,1,?,?,3.2615e-05,3.2615e-05,300,0.01,2026-10-02T10:43:30Z,2026-10-03T09:50:26Z,3,history_truncated,0.0,2248.0,22,23.12,12.98,215.8,2,2026-10-03T10:26:01Z,2026-10-03T10:26:04Z,3.1,3.262331113159943e-05,3.2657813376249365e-05,3.270707576103046e-05,3.1795432937181666e-05,3.1795432937181666e-05,3.1795432937181666e-05,3.1795432937181666e-05,fee_unverified,,,missing,pass,ok
BTNUSDT,BTN,False,0.01,?,?,,,0,0.0,,,1,no_trades_observed,,,0,,,,0,,,,,,,,,,,fee_unverified,,,missing,fail,market_disabled
BTXUSDT,BTX,False,0.01,?,?,,,0,0.0,,,1,no_trades_observed,,,0,,,,0,,,,,,,,,,,fee_unverified,,,missing,fail,market_disabled
CAUUSDT,CAU,False,0.01,?,?,,,0,0.0,,,1,no_trades_observed,,,0,,,,0,,,,,,,,,,,fee_unverified,,,missing,fail,market_disabled
CCCUSDT,CCC,False,0.01,?,?,,,0,0.0,,,1,no_trades_observed,,,0,,,,0,,,,,,,,,,,fee_unverified,,,missing,fail,market_disabled
CFBUSDT,CFB,True,1000000,?,?,1.055e-06,1.0550000000000002,300,3279.89,2026-06-30T11:59:55Z,2026-10-03T05:17:46Z,3,history_truncated,61.0,162785.0,120,2273.3,0.13,489.1,2,2026-10-03T10:26:40Z,2026-10-03T10:26:43Z,3128.0,1.22e-06,1.22e-06,1.22e-06,8.725852677128507e-07,8.52333262680571e-07,8.400919991165243e-07,8.606729555246e-07,fee_unverified,,,missing,insufficient_evidence,trades_per_hour=0.13 < 5
CLOREUSDT,CLORE,True,0.01,?,?,0.0034232,3.4232e-05,300,6689.61,2026-09-29T03:57:08Z,2026-10-03T08:42:10Z,3,history_truncated,187.0,4953.0,84,100.75,2.98,285.0,2,2026-10-03T10:26:55Z,2026-10-03T10:26:58Z,904.5,0.00357802,0.00357802,0.00357802,0.00326838,0.00326838,0.00326838,0.00326838,fee_unverified,,,missing,insufficient_evidence,trades_per_hour=2.98 < 5
CNXUSDT,CNX,True,0.1,?,?,0.0024000000000000002,0.00024000000000000003,300,15788.55,2026-09-27T04:33:32Z,2026-10-03T10:11:20Z,3,history_truncated,13.0,11821.0,48,149.63,2.0,196.0,2,2026-10-03T10:27:10Z,2026-10-03T10:27:13Z,1666.7,0.0026,0.0026,0.0026,0.0022,0.0022,0.0022,0.0022,fee_unverified,,,missing,insufficient_evidence,trades_per_hour=2.0 < 5
COCOUSDT,COCO,False,0.01,?,?,,,0,0.0,,,1,no_trades_observed,,,0,,,,0,,,,,,,,,,,fee_unverified,,,missing,fail,market_disabled
CPAYUSDT,CPAY,True,1,?,?,0.000306175,0.000306175,300,4085.98,2026-09-23T23:54:18Z,2026-10-03T10:04:15Z,3,history_truncated,30.0,12394.0,100,226.17,1.33,203.5,2,2026-10-03T10:27:31Z,2026-10-03T10:27:34Z,402.1,0.00031233,0.0003123300000054578,0.00032491861106808957,0.00030002,0.00030001999999662186,0.0003000108137457763,0.00030002,fee_unverified,,,missing,insufficient_evidence,trades_per_hour=1.33 < 5
CSDUSDT,CSD,True,0.01,?,?,0.00225,2.2499999999999998e-05,300,2152.8,2026-08-31T07:51:30Z,2026-10-02T16:58:40Z,3,history_truncated,8.0,44558.0,94,777.12,0.39,1229.3,2,2026-10-03T10:27:46Z,2026-10-03T10:27:49Z,5777.8,0.0029251170046801873,0.002962085308056872,0.003023664130283503,0.001567082770324024,0.001532807773060329,0.001512953123963564,0.00156339961492891,fee_unverified,,,missing,insufficient_evidence,trades_per_hour=0.39 < 5
DAIUSDT,DAI,True,0.0001,?,?,0.71135,7.1135e-05,300,1770.23,2026-02-19T21:44:37Z,2026-10-02T03:16:38Z,3,history_truncated,7.0,435960.0,68,5381.53,0.06,2051.6,2,2026-10-03T10:28:01Z,2026-10-03T10:28:04Z,8087.4,0.999,0.999,0.999481170214169,0.4237,0.4237,0.4177119971993505,0.4237,fee_unverified,,,partial,insufficient_evidence,last_trade_time=2026-10-02T03:16:38Z старше 24ч
DEROUSDT,DERO,False,0.01,?,?,,,0,0.0,,,1,no_trades_observed,,,0,,,,0,,,,,,,,,,,fee_unverified,,,missing,fail,market_disabled
DIACUSDT,DIAC,False,0.01,?,?,,,0,0.0,,,1,no_trades_observed,,,0,,,,0,,,,,,,,,,,fee_unverified,,,missing,fail,market_disabled
DOGEUSDT,DOGE,True,0.1,?,?,0.093195,0.0093195,300,5822.05,2026-09-26T16:16:08Z,2026-10-03T09:59:43Z,3,history_truncated,450.0,8255.0,104,161.73,1.85,209.0,2,2026-10-03T10:28:29Z,2026-10-03T10:28:31Z,170.6,0.09399,0.09399,0.09399,0.09236148603058783,0.09227660465906182,0.09211044263136563,0.0922817406644,fee_unverified,,,yes,insufficient_evidence,trades_per_hour=1.85 < 5
EGAZUSDT,EGAZ,False,0.01,?,?,,,0,0.0,,,1,no_trades_observed,,,0,,,,0,,,,,,,,,,,fee_unverified,,,missing,fail,market_disabled
ETHUSDT,ETH,True,0.00001,?,?,2658.51,0.026585100000000004,300,67401.04,2026-09-29T16:35:10Z,2026-10-03T10:20:30Z,3,history_truncated,47.0,5587.0,62,89.76,3.34,188.5,2,2026-10-03T10:28:50Z,2026-10-03T10:28:52Z,334.1,2702.92,2702.92,2702.92,2614.1,2614.1,2614.1,2614.1,fee_unverified,,,yes,insufficient_evidence,trades_per_hour=3.34 < 5
ETIUSDT,ETI,False,0.01,?,?,,,0,0.0,,,1,no_trades_observed,,,0,,,,0,,,,,,,,,,,fee_unverified,,,missing,fail,market_disabled
EVRUSDT,EVR,True,1000,?,?,2.048e-05,0.02048,300,340.9,2026-09-28T17:04:47Z,2026-10-03T09:57:23Z,3,history_truncated,0.0,6654.0,32,112.88,2.66,212.0,2,2026-10-03T10:29:10Z,2026-10-03T10:29:13Z,6162.1,2.679e-05,2.7801746838866216e-05,3.197452399175088e-05,1.394152204971577e-05,1.3038992853968778e-05,1.1123497206420258e-05,1.3937319072692583e-05,fee_unverified,,,missing,insufficient_evidence,trades_per_hour=2.66 < 5
GNCUSDT,GNC,False,0.00001,?,?,,,0,0.0,,,1,no_trades_observed,,,0,,,,0,,,,,,,,,,,fee_unverified,,,missing,fail,market_disabled
GNKUSDT,GNK,True,0.001,?,?,0.245,0.000245,300,100559.97,2026-09-22T21:28:23Z,2026-10-03T10:19:03Z,3,history_truncated,411.0,13625.0,106,252.84,1.19,190.7,2,2026-10-03T10:29:32Z,2026-10-03T10:29:35Z,408.2,0.25,0.25,0.25,0.24,0.24,0.24,0.24,fee_unverified,,,missing,insufficient_evidence,trades_per_hour=1.19 < 5
GPNUSDT,GPN,False,0.1,?,?,,,0,0.0,,,1,no_trades_observed,,,0,,,,0,,,,,,,,,,,fee_unverified,,,missing,fail,market_disabled
GPRXUSDT,GPRX,False,0.01,?,?,,,0,0.0,,,1,no_trades_observed,,,0,,,,0,,,,,,,,,,,fee_unverified,,,missing,fail,market_disabled
GRAMSUSDT,GRAMS,False,0.01,?,?,,,0,0.0,,,1,no_trades_observed,,,0,,,,0,,,,,,,,,,,fee_unverified,,,missing,fail,market_disabled
GRCUSDT,GRC,True,0.01,?,?,0.00965868,9.65868e-05,300,6659.05,2026-09-24T20:57:09Z,2026-10-03T09:47:22Z,3,history_truncated,27.0,15811.0,75,204.84,1.46,222.9,2,2026-10-03T10:30:05Z,2026-10-03T10:30:08Z,1133.8,0.010374021651953058,0.011012303435215903,0.011584396885669469,0.00911111,0.009111074947884743,0.00910637537908084,0.009111090587428304,fee_unverified,,,missing,insufficient_evidence,trades_per_hour=1.46 < 5
HEXUSDT,HEX,True,0.01,?,?,0.003768865,3.768865e-05,300,11348.85,2025-07-22T20:25:13Z,2026-09-12T13:53:29Z,3,history_truncated,130.0,794316.0,131,10001.47,0.03,30217.1,2,2026-10-03T10:30:20Z,2026-10-03T10:30:23Z,6533.1,0.004999983047057481,0.00507499347012058,0.005691879224630034,0.00253775,0.0025129414997390217,0.001571095576215475,0.00253775,fee_unverified,,,missing,insufficient_evidence,last_trade_time=2026-09-12T13:53:29Z старше 24ч
HYPUSDT,HYP,False,0.01,?,?,,,0,0.0,,,1,no_trades_observed,,,0,,,,0,,,,,,,,,,,fee_unverified,,,missing,fail,market_disabled
INCUSDT,INC,False,0.01,?,?,,,0,0.0,,,1,no_trades_observed,,,0,,,,0,,,,,,,,,,,fee_unverified,,,missing,fail,market_disabled
IRONUSDT,IRON,False,0.01,?,?,,,0,0.0,,,1,no_trades_observed,,,0,,,,0,,,,,,,,,,,fee_unverified,,,missing,fail,market_disabled
KCNUSDT,KCN,True,0.0001,?,?,3.1013764999999998,0.00031013765,300,1114.54,2026-08-23T10:41:46Z,2026-10-03T08:36:46Z,3,history_truncated,10139.0,31601.0,213,981.92,0.31,294.3,2,2026-10-03T10:30:53Z,2026-10-03T10:30:56Z,3860.4,3.699998,3.7606493781754056,4.603839996994166,2.502755,2.5027530576634773,2.5027082994845395,2.5027545026050655,fee_unverified,,,missing,insufficient_evidence,trades_per_hour=0.31 < 5
KIIROUSDT,KIIRO,False,0.01,?,?,,,0,0.0,,,1,no_trades_observed,,,0,,,,0,,,,,,,,,,,fee_unverified,,,missing,fail,market_disabled
KRGNUSDT,KRGN,True,0.01,?,?,0.012299999999999998,0.00012299999999999998,300,1063.92,2026-07-24T15:59:40Z,2026-10-03T03:01:23Z,3,history_truncated,21.0,90989.0,115,1691.03,0.18,630.1,2,2026-10-03T10:31:14Z,2026-10-03T10:31:17Z,5528.5,0.015701059272560065,0.015750374256305957,0.015780112223571913,0.0089,0.008876887874475803,0.008830594761188646,0.0089,fee_unverified,,,missing,insufficient_evidence,trades_per_hour=0.18 < 5
KV5USDT,KV5,True,0.01,?,?,0.0007,7e-06,300,717.35,2026-07-20T01:28:05Z,2026-09-28T19:30:49Z,3,history_truncated,63.0,132134.0,116,1698.05,0.18,6840.9,2,2026-10-03T10:31:29Z,2026-10-03T10:31:32Z,5714.3,0.0009,0.0009,0.0009301377681889387,0.0004210526315789474,0.0003680175577938269,0.0003239491039882662,0.0004225,fee_unverified,,,missing,insufficient_evidence,last_trade_time=2026-09-28T19:30:49Z старше 24ч
KYVEUSDT,KYVE,False,0.01,?,?,,,0,0.0,,,1,no_trades_observed,,,0,,,,0,,,,,,,,,,,fee_unverified,,,missing,fail,market_disabled
LAXUSDT,LAX,True,0.001,?,?,0.005,5e-06,300,3742.4,2026-09-11T07:36:59Z,2026-10-03T04:42:27Z,3,history_truncated,1500.0,28584.0,150,525.09,0.57,529.6,2,2026-10-03T10:31:50Z,2026-10-03T10:31:53Z,4000.0,0.006972300028110321,0.007177723640395364,0.00798873663406249,0.004,0.00375,0.003260869565217391,0.004,fee_unverified,,,missing,insufficient_evidence,trades_per_hour=0.57 < 5
LDGUSDT,LDG,False,0.01,?,?,,,0,0.0,,,1,no_trades_observed,,,0,,,,0,,,,,,,,,,,fee_unverified,,,missing,fail,market_disabled
LTCUSDT,LTC,True,0.0001,?,?,69.1308,0.006913079999999999,300,7187.97,2026-10-02T16:12:23Z,2026-10-03T10:31:06Z,3,history_truncated,82.0,871.0,19,18.31,16.38,181.3,2,2026-10-03T10:32:11Z,2026-10-03T10:32:14Z,140.1,69.61519,69.61519,69.61519,68.64641,68.64641,68.64641,68.64641,fee_unverified,,,yes,pass,ok
MATICUSDT,MATIC,False,0.01,?,?,,,0,0.0,,,1,no_trades_observed,,,0,,,,0,,,,,,,,,,,fee_unverified,,,missing,fail,market_disabled
MATILDAUSDT,MATILDA,True,20000,?,?,3.9915e-06,0.07983,300,2495.89,2025-08-14T07:02:49Z,2026-10-02T14:34:50Z,3,history_truncated,72.0,824783.0,122,9943.53,0.03,1377.9,2,2026-10-03T10:32:32Z,2026-10-03T10:32:35Z,15074.5,7.3819211856158045e-06,7.4272675667862654e-06,7.455833593197504e-06,9.821714751570705e-07,9.816147653025677e-07,9.80888839299724e-07,9.826483551522483e-07,fee_unverified,,,missing,insufficient_evidence,trades_per_hour=0.03 < 5
MCLUSDT,MCL,True,0.1,?,?,0.0023599995,0.00023599995,300,862.69,2026-08-22T06:07:30Z,2026-10-03T09:56:04Z,3,history_truncated,2609.0,57779.0,156,1011.81,0.3,216.9,2,2026-10-03T10:32:47Z,2026-10-03T10:32:50Z,3728.8,0.0033231055753346313,0.0036729234860938243,0.004068434278567273,0.00192,0.0018911933429994327,0.0017386105857318077,0.00192,fee_unverified,,,missing,insufficient_evidence,trades_per_hour=0.3 < 5
MCUSDT,MC,False,0.0001,?,?,,,0,0.0,,,1,no_trades_observed,,,0,,,,0,,,,,,,,,,,fee_unverified,,,missing,fail,market_disabled
MDLUSDT,MDL,False,2,?,?,,,0,0.0,,,1,no_trades_observed,,,0,,,,0,,,,,,,,,,,fee_unverified,,,missing,fail,market_disabled
MDSUSDT,MDS,True,1000000,?,?,4.0000000000000004e-11,4e-05,300,1539.67,2026-09-02T23:28:18Z,2026-10-03T08:25:48Z,3,history_truncated,3612.0,33224.0,183,728.96,0.41,307.6,2,2026-10-03T10:33:14Z,2026-10-03T10:33:17Z,5000.0,5e-11,5e-11,5e-11,3e-11,3e-11,3e-11,3e-11,fee_unverified,,,missing,insufficient_evidence,trades_per_hour=0.41 < 5
MMXUSDT,MMX,True,0.01,?,?,0.0231325,0.000231325,300,627.12,2026-07-25T00:28:54Z,2026-10-03T03:05:54Z,3,history_truncated,19.0,11119.0,28,1682.62,0.18,627.8,2,2026-10-03T10:33:29Z,2026-10-03T10:33:32Z,10174.0,0.03498250874562719,0.03499125218695326,0.034996500349965,0.011364390692838844,0.011362204926101462,0.011297294163058053,0.011365,fee_unverified,,,missing,insufficient_evidence,trades_per_hour=0.18 < 5
MOUSDT,MO,False,0.01,?,?,,,0,0.0,,,1,no_trades_observed,,,0,,,,0,,,,,,,,,,,fee_unverified,,,missing,fail,market_disabled
NEOXUSDT,NEOX,False,0.01,?,?,,,0,0.0,,,1,no_trades_observed,,,0,,,,0,,,,,,,,,,,fee_unverified,,,missing,fail,market_disabled
NEXAUSDT,NEXA,True,0.1,?,?,1.15e-06,1.1500000000000001e-07,300,3333.79,2026-09-04T17:31:29Z,2026-10-03T07:17:09Z,3,history_truncated,120.0,45983.0,107,685.76,0.44,377.0,2,2026-10-03T10:33:56Z,2026-10-03T10:33:59Z,2608.7,1.3e-06,1.3e-06,1.321231528367231e-06,9.99999993814433e-07,9.70169533207603e-07,9.333426088787786e-07,9.83646462236e-07,fee_unverified,,,missing,insufficient_evidence,trades_per_hour=0.44 < 5
NFTXUSDT,NFTX,False,0.01,?,?,,,0,0.0,,,1,no_trades_observed,,,0,,,,0,,,,,,,,,,,fee_unverified,,,missing,fail,market_disabled
NOCKUSDT,NOCK,True,0.01,?,?,0.01885,0.0001885,300,23288.5,2026-10-02T08:20:47Z,2026-10-03T10:31:26Z,3,history_truncated,52.0,1411.0,27,26.18,11.46,183.1,2,2026-10-03T10:34:17Z,2026-10-03T10:34:20Z,371.4,0.0192,0.0192,0.0192,0.0185,0.0185,0.0185,0.0185,fee_unverified,,,missing,pass,ok
NOIDUSDT,NOID,True,0.1,?,?,0.0098055,0.00098055,300,3020.11,2026-10-02T08:55:09Z,2026-10-03T10:32:34Z,3,history_truncated,95.0,1261.0,27,25.62,11.71,182.2,2,2026-10-03T10:34:32Z,2026-10-03T10:34:35Z,804.7,0.0102,0.010269828495820277,0.010525268874358696,0.009411,0.009411,0.009411,0.009411,fee_unverified,,,missing,pass,ok
NPTUSDT,NPT,True,0.001,?,?,0.125,0.000125,300,21403.32,2026-09-23T06:16:06Z,2026-10-03T10:06:33Z,3,history_truncated,7.0,13618.0,80,243.84,1.23,208.4,2,2026-10-03T10:34:47Z,2026-10-03T10:34:50Z,800.0,0.13,0.13,0.13,0.12,0.12,0.12,0.12,fee_unverified,,,missing,insufficient_evidence,trades_per_hour=1.23 < 5
OCTAUSDT,OCTA,True,0.01,?,?,0.10755,0.0010755,300,3471.9,2026-09-09T23:11:01Z,2026-10-03T04:41:59Z,3,history_truncated,968.0,30410.0,139,557.52,0.54,533.3,2,2026-10-03T10:35:02Z,2026-10-03T10:35:05Z,1385.4,0.11499999,0.11499999,0.11499999,0.10010001,0.10010001,0.10010001,0.10010001,fee_unverified,,,missing,insufficient_evidence,trades_per_hour=0.54 < 5
PACUSDT,PAC,False,0.01,?,?,,,0,0.0,,,1,no_trades_observed,,,0,,,,0,,,,,,,,,,,fee_unverified,,,missing,fail,market_disabled
PLSUSDT,PLS,True,0.01,?,?,1.0274999999999999e-05,1.0274999999999999e-07,300,12904.89,2026-09-03T15:40:29Z,2026-10-02T14:38:57Z,3,history_truncated,2.0,53450.0,72,694.97,0.43,1376.6,2,2026-10-03T10:35:23Z,2026-10-03T10:35:26Z,1664.2,1.113e-05,1.113e-05,1.113e-05,9.412057837642813e-06,9.411028806328505e-06,9.410411495537829e-06,9.4112167229186e-06,fee_unverified,,,missing,insufficient_evidence,trades_per_hour=0.43 < 5
PLSXUSDT,PLSX,True,0.01,?,?,9.98e-06,9.98e-08,300,5849.89,2026-01-02T00:14:46Z,2026-10-01T12:33:32Z,3,history_truncated,152.0,448494.0,128,6540.31,0.05,2942.3,2,2026-10-03T10:35:38Z,2026-10-03T10:35:41Z,4909.8,1.243e-05,1.243e-05,1.243e-05,7.300794486985258e-06,6.700121786536952e-06,5.471388524370606e-06,7.2947274172784e-06,fee_unverified,,,missing,insufficient_evidence,last_trade_time=2026-10-01T12:33:32Z старше 24ч
POLUSDT,POL,True,0.01,?,?,0.109249915,0.00109249915,300,4407.8,2026-09-28T23:47:54Z,2026-10-03T10:25:35Z,3,history_truncated,292.0,5472.0,88,106.63,2.81,190.5,2,2026-10-03T10:35:53Z,2026-10-03T10:35:56Z,778.0,0.1134998,0.1134998,0.1134998,0.10500003,0.10500003,0.10500002642430666,0.10500003,fee_unverified,,,yes,insufficient_evidence,trades_per_hour=2.81 < 5
PRLUSDT,PRL,True,2,?,?,1.0750000000000002,2.1500000000000004,299,41397.72,2026-10-03T09:54:19Z,2026-10-03T10:35:48Z,3,full_at_page,3.0,30.0,2,0.69,432.46,180.5,2,2026-10-03T10:36:08Z,2026-10-03T10:36:11Z,93.0,1.08,1.08,1.08,1.07,1.07,1.07,1.07,fee_unverified,,,missing,pass,ok
QMINEUSDT,QMINE,True,100,?,?,0.0024962250000000004,0.24962250000000002,300,6892.08,2025-12-26T09:48:30Z,2026-10-03T03:49:51Z,3,history_truncated,8.0,610587.0,107,6738.02,0.04,586.7,2,2026-10-03T10:36:23Z,2026-10-03T10:36:26Z,3975.4,0.0029924056146295717,0.0029924078073131793,0.002992409122924886,0.00200003784356684,0.002000023921686513,0.0020000155686513478,0.002000030829432569,fee_unverified,,,missing,insufficient_evidence,trades_per_hour=0.04 < 5
QTCUSDT,QTC,True,0.1,?,?,0.5940000000000001,0.05940000000000001,300,19423.58,2026-10-02T18:05:59Z,2026-10-03T10:29:10Z,3,history_truncated,28.0,905.0,17,16.39,18.31,187.7,2,2026-10-03T10:36:38Z,2026-10-03T10:36:41Z,1006.7,0.6239,0.6239,0.6239,0.5632359320396969,0.5592905210624802,0.5569496951499242,0.5597399557108,fee_unverified,,,missing,pass,ok
QUANTUSUSDT,QUANTUS,True,0.01,?,?,156.02499999999998,1.56025,300,28079.22,2026-10-03T09:36:58Z,2026-10-03T10:37:00Z,3,history_truncated,0.0,55.0,2,1.0,299.83,180.1,2,2026-10-03T10:36:53Z,2026-10-03T10:36:56Z,41.7,156.35,156.35,156.35,155.7,155.7,155.7,155.7,fee_unverified,,,missing,pass,ok
QUANUSDT,QUAN,False,0.01,?,?,,,0,0.0,,,1,no_trades_observed,,,0,,,,0,,,,,,,,,,,fee_unverified,,,missing,fail,market_disabled
QUBICUSDT,QUBIC,True,1000000,?,?,5.14e-07,0.514,300,31131.93,2026-10-02T02:51:27Z,2026-10-03T10:36:30Z,3,history_truncated,17.0,1776.0,31,31.75,9.45,180.9,2,2026-10-03T10:37:14Z,2026-10-03T10:37:17Z,778.2,5.34e-07,5.34e-07,5.34e-07,4.94e-07,4.94e-07,4.94e-07,4.94e-07,fee_unverified,,,missing,pass,ok
RTCUSDT,RTC,False,0.01,?,?,,,0,0.0,,,1,no_trades_observed,,,0,,,,0,,,,,,,,,,,fee_unverified,,,missing,fail,market_disabled
RTHUSDT,RTH,False,0.01,?,?,,,0,0.0,,,1,no_trades_observed,,,0,,,,0,,,,,,,,,,,fee_unverified,,,missing,fail,market_disabled
RVBUSDT,RVB,False,0.01,?,?,,,0,0.0,,,1,no_trades_observed,,,0,,,,0,,,,,,,,,,,fee_unverified,,,missing,fail,market_disabled
SATORIUSDT,SATORI,False,0.1,?,?,,,0,0.0,,,1,no_trades_observed,,,0,,,,0,,,,,,,,,,,fee_unverified,,,missing,fail,market_disabled
SATUSDT,SAT,True,0.1,?,?,0.14500000000000002,0.014500000000000002,300,4717.29,2026-09-12T21:31:14Z,2026-10-03T03:40:28Z,3,history_truncated,4.0,40593.0,83,486.15,0.62,597.6,2,2026-10-03T10:37:53Z,2026-10-03T10:37:56Z,689.7,0.15653126712060733,0.1582466273687542,0.16228032494248595,0.14,0.14,0.13088005933229357,0.14,fee_unverified,,,missing,insufficient_evidence,trades_per_hour=0.62 < 5
SMHUSDT,SMH,False,0.00001,?,?,,,0,0.0,,,1,no_trades_observed,,,0,,,,0,,,,,,,,,,,fee_unverified,,,missing,fail,market_disabled
SNAPUSDT,SNAP,False,0.01,?,?,,,0,0.0,,,1,no_trades_observed,,,0,,,,0,,,,,,,,,,,fee_unverified,,,missing,fail,market_disabled
SOHUSDT,SOH,True,0.01,?,?,0.0016238900000000002,1.62389e-05,300,604.94,2026-07-15T19:59:00Z,2026-10-03T05:28:20Z,3,history_truncated,3670.0,88537.0,162,1905.49,0.16,490.2,2,2026-10-03T10:38:20Z,2026-10-03T10:38:23Z,4604.9,0.001997794358788113,0.0019977971793900744,0.001997798871755074,0.00125,0.0011555952540250932,0.0010365931310491727,0.00125,fee_unverified,,,missing,insufficient_evidence,trades_per_hour=0.16 < 5
SPACEUSDT,SPACE,False,0.01,?,?,,,0,0.0,,,1,no_trades_observed,,,0,,,,0,,,,,,,,,,,fee_unverified,,,missing,fail,market_disabled
SUIUSDT,SUI,True,0.01,?,?,1.242453475,0.01242453475,300,3583.37,2026-06-28T11:00:29Z,2026-10-03T09:33:02Z,3,history_truncated,7357.0,132325.0,180,2326.54,0.13,245.9,2,2026-10-03T10:38:41Z,2026-10-03T10:38:44Z,2820.1,1.41764849,1.41764849,1.41764849,1.0638426817664899,1.0634211989625122,1.063168469549418,1.0635614843510859,fee_unverified,,,yes,insufficient_evidence,trades_per_hour=0.13 < 5
SUSDUSDT,SUSD,False,1,?,?,,,0,0.0,,,1,no_trades_observed,,,0,,,,0,,,,,,,,,,,fee_unverified,,,missing,fail,market_disabled
TRXUSDT,TRX,True,0.01,?,?,0.33707,0.0033707,300,11276.01,2026-09-29T17:46:14Z,2026-10-03T09:59:13Z,3,history_truncated,86.0,5358.0,64,88.22,3.4,220.0,2,2026-10-03T10:39:02Z,2026-10-03T10:39:05Z,202.9,0.34049,0.34049,0.34049,0.33365,0.33365,0.33345551791308503,0.33365,fee_unverified,,,yes,insufficient_evidence,trades_per_hour=3.4 < 5
TSCUSDT,TSC,True,0.1,?,?,4.33775,0.433775,300,77577.21,2026-10-02T16:28:16Z,2026-10-03T10:31:41Z,3,history_truncated,0.0,985.0,19,18.06,16.61,187.8,2,2026-10-03T10:39:17Z,2026-10-03T10:39:20Z,286.6,4.3999,4.3999,4.3999,4.2756,4.2756,4.2756,4.2756,fee_unverified,,,missing,pass,ok
USDCUSDT,USDC,True,1,?,?,1.00015,1.00015,300,168947.65,2026-10-02T16:22:55Z,2026-10-03T10:35:39Z,3,history_truncated,59.0,989.0,19,18.21,16.47,184.1,2,2026-10-03T10:39:32Z,2026-10-03T10:39:35Z,23.0,1.0013,1.0013,1.0013,0.999,0.999,0.999,0.999,fee_unverified,,,yes,pass,ok
VEUSDT,VE,False,0.01,?,?,,,0,0.0,,,1,no_trades_observed,,,0,,,,0,,,,,,,,,,,fee_unverified,,,missing,fail,market_disabled
VRLUSDT,VRL,False,0.01,?,?,,,0,0.0,,,1,no_trades_observed,,,0,,,,0,,,,,,,,,,,fee_unverified,,,missing,fail,market_disabled
VRSCUSDT,VRSC,True,0.1,?,?,0.19406,0.019406000000000003,300,15408.18,2026-09-21T19:50:52Z,2026-10-03T07:39:38Z,3,history_truncated,66.0,16912.0,104,275.81,1.09,360.6,2,2026-10-03T10:39:59Z,2026-10-03T10:40:02Z,1137.8,0.20511177091575086,0.20511588537533937,0.21583616208165093,0.18300546088295275,0.18300273040073758,0.18300109215051796,0.1830030603290098,fee_unverified,,,missing,insufficient_evidence,trades_per_hour=1.09 < 5
WARTUSDT,WART,True,0.01,?,?,0.02045,0.0002045,300,777.13,2026-09-28T11:47:47Z,2026-10-03T08:49:37Z,3,history_truncated,0.0,9020.0,66,117.03,2.56,290.8,2,2026-10-03T10:40:14Z,2026-10-03T10:40:17Z,342.3,0.021252758499318167,0.021375664344214323,0.021669254518541917,0.01610042505122135,0.0161002125228053,0.01602227261118765,0.016100282158769342,fee_unverified,,,missing,insufficient_evidence,trades_per_hour=2.56 < 5
XBTUSDT,XBT,True,0.001,?,?,364.52,0.36452,264,8508.27,2026-09-07T08:10:55Z,2026-10-03T09:30:49Z,3,full_at_page,679.0,45238.0,118,625.33,0.42,249.9,2,2026-10-03T10:40:29Z,2026-10-03T10:40:32Z,1343.1,491.7179274571434,500.6921332430124,559.4882483455476,340.0307449715411,340.02537240088395,340.0221489399813,340.0279109357052,fee_unverified,,,missing,insufficient_evidence,trades_per_hour=0.42 < 5
XELUSDT,XEL,True,0.1,?,?,0.46375,0.046375,300,7555.1,2026-09-20T01:46:58Z,2026-10-03T10:39:01Z,3,history_truncated,481.0,17513.0,114,320.87,0.93,181.9,2,2026-10-03T10:40:44Z,2026-10-03T10:40:47Z,1563.3,0.5,0.5,0.5,0.4275,0.42708904813185344,0.4088657021060581,0.427443975,fee_unverified,,,missing,insufficient_evidence,trades_per_hour=0.93 < 5
XMRUSDT,XMR,True,0.00001,?,?,547.05048,0.0054705048000000004,300,7819.15,2026-10-01T08:48:08Z,2026-10-03T09:57:47Z,3,history_truncated,73.0,3225.0,49,49.16,6.1,223.4,2,2026-10-03T10:40:59Z,2026-10-03T10:41:02Z,254.1,553.99999,553.99999,553.99999,540.10097,540.10097,540.10097,540.10097,fee_unverified,,,partial,pass,ok
XNAUSDT,XNA,False,0.01,?,?,,,0,0.0,,,1,no_trades_observed,,,0,,,,0,,,,,,,,,,,fee_unverified,,,missing,fail,market_disabled
XNTUSDT,XNT,True,0.001,?,?,0.29000000000000004,0.00029000000000000006,300,10011.52,2026-09-18T16:35:06Z,2026-10-03T08:38:44Z,3,history_truncated,27.0,23514.0,97,352.06,0.85,302.8,2,2026-10-03T10:41:20Z,2026-10-03T10:41:23Z,1379.3,0.31,0.31,0.31,0.27,0.27,0.27,0.27,fee_unverified,,,missing,insufficient_evidence,trades_per_hour=0.85 < 5
XPBUSDT,XPB,False,0.01,?,?,,,0,0.0,,,1,no_trades_observed,,,0,,,,0,,,,,,,,,,,fee_unverified,,,missing,fail,market_disabled
XPMUSDT,XPM,True,0.01,?,?,0.026049999999999997,0.0002605,300,863.58,2026-05-09T04:53:35Z,2026-09-27T01:38:36Z,3,history_truncated,7.0,218646.0,95,3380.75,0.09,9363.3,2,2026-10-03T10:41:41Z,2026-10-03T10:41:44Z,5950.1,0.03389389909816233,0.03389694927456529,0.03394631458796389,0.0183,0.0183,0.018213111788599027,0.0183,fee_unverified,,,missing,insufficient_evidence,last_trade_time=2026-09-27T01:38:36Z старше 24ч
XTMUSDT,XTM,True,0.01,?,?,0.00204,2.04e-05,300,13033.59,2026-10-02T07:04:45Z,2026-10-03T10:17:56Z,3,history_truncated,12.0,2268.0,24,27.22,11.02,204.2,2,2026-10-03T10:41:56Z,2026-10-03T10:41:59Z,784.3,0.00212,0.00212,0.00212,0.00196,0.00196,0.0019599485420033255,0.00196,fee_unverified,,,missing,pass,ok
YDAUSDT,YDA,False,0.01,?,?,,,0,0.0,,,1,no_trades_observed,,,0,,,,0,,,,,,,,,,,fee_unverified,,,missing,fail,market_disabled
YECUSDT,YEC,True,0.01,?,?,0.364545,0.00364545,300,10643.65,2026-09-27T05:41:39Z,2026-10-03T06:46:34Z,3,history_truncated,5.0,10231.0,64,145.08,2.07,415.9,2,2026-10-03T10:42:17Z,2026-10-03T10:42:20Z,846.8,0.37998,0.37998,0.37998,0.34911,0.34911,0.34911,0.34911,fee_unverified,,,missing,insufficient_evidence,trades_per_hour=2.07 < 5
ZEPHUSDT,ZEPH,True,0.01,?,?,0.33658256,0.0033658256,300,2690.16,2026-08-29T07:43:18Z,2026-10-03T09:03:56Z,3,history_truncated,4798.0,38741.0,194,841.34,0.36,278.8,2,2026-10-03T10:42:32Z,2026-10-03T10:42:35Z,791.3,0.3499,0.3499,0.3499,0.3232651125214679,0.32326511126073393,0.3232651105042936,0.32326511136461,fee_unverified,,,missing,insufficient_evidence,trades_per_hour=0.36 < 5
