# Pair screening SafeTrade (живой REST-скрининг 2026-10-02, по одному снимку на пару)
# Ревью (next_steps P1): первичный отбор общих пар SafeTrade×Binance×OKX×Bybit.
# Один снимок ≠ статистика: для кандидатов нужна запись 30-60 мин.
# protocol_status для всех = unverified (см. safetrade_protocol_findings.md);
# execution coverage = 0, пока протокол не подтверждён.
pair,status,bid,ask,spread_bps,n_bids,n_asks,rtt_ms,ask_vwap_10,ask_vwap_25,ask_vwap_50,bid_vwap_10,bid_vwap_25,bid_vwap_50,note
ARB/USDT,ok,0.18000005,0.22,2000.0,50,50,269,ok,ok,ok,ok,ok,ok,spread 20% неприемлем
AVAX/USDT,ok,10.511,12.99999995,2117.3,50,50,269,ok,ok,ok,ok,ok,ok,spread 21% неприемлем
BNB/USDT,ok,736.11,770.31,454.1,50,50,257,ok,ok,ok,ok,ok,ok,спред 4.5% высок
BTC/USDT,ok,84300.0,84630.0,39.1,50,50,257,ok,ok,ok,ok,ok,ok,единственный живой run: спред медианный 132 bps; кандидат по расходу, но протокол unverified
DOGE/USDT,ok,0.09102,0.09869,808.6,41,33,286,ok,ok,ok,ok,ok,ok,спред 8% высок
ETH/USDT,ok,2606.78,2713.82,402.4,50,50,311,ok,ok,ok,ok,ok,ok,спред 4% высок
LTC/USDT,ok,68.20001,69.04178,122.7,50,50,262,ok,ok,ok,ok,ok,ok,спред 1.2% средний
POL/USDT,ok,0.105,0.11450232,865.8,45,50,259,ok,ok,ok,ok,ok,ok,спред 8.7% высок
SUI/USDT,ok,1.06300066,1.40916374,2800.5,50,50,261,ok,ok,ok,ok,ok,ok,спред 28% неприемлем
TRX/USDT,ok,0.33401,0.33919,153.9,50,50,277,ok,ok,ok,ok,ok,ok,спред 1.5% средний
USDC/USDT,ok,0.999,1.0,10.0,13,18,263,ok,ok,ok,ok,ok,ok,спред узкий, но стейблкоин: арбитраж бессмыслен, глубина мала