t0_utc,direction,W_s,delta_R_bps,threshold_bps,R0,F0,prev_snap_utc,prev_snap_age_s,prev_snap_usable,next_snap_utc,n_future_1s,n_future_5s,n_future_15s,n_future_30s,n_future_60s,n_future_180s,n_future_300s,baseline_status
2026-10-02T14:47:21.865816+00:00,up,5,3.21,2.0,85992.85,,2026-10-02T14:47:15.884968+00:00,6.0,False,2026-10-02T14:48:31.164414+00:00,0,0,0,0,0,4,8,stale_or_missing
2026-10-02T14:48:52.967664+00:00,up,5,2.139,2.0,86050.55,,2026-10-02T14:48:31.164414+00:00,21.8,False,2026-10-02T14:49:01.763770+00:00,0,0,1,1,2,6,10,stale_or_missing
2026-10-02T14:50:12.206623+00:00,down,5,-2.068,2.0,85978.55,,2026-10-02T14:50:02.308580+00:00,9.9,False,2026-10-02T14:50:32.576268+00:00,0,0,0,1,2,6,10,stale_or_missing
2026-10-02T14:51:21.846937+00:00,down,5,-2.375,2.219,85900.05,,2026-10-02T14:51:02.845365+00:00,19.0,False,2026-10-02T14:51:33.111497+00:00,0,0,1,1,2,6,10,stale_or_missing
2026-10-02T14:52:21.848354+00:00,down,5,-8.786,2.0,85770.13500000001,,2026-10-02T14:52:03.378786+00:00,18.5,False,2026-10-02T14:52:33.644069+00:00,0,0,1,1,2,6,10,stale_or_missing
2026-10-02T14:53:23.945873+00:00,down,5,-2.006,2.0,85817.505,,2026-10-02T14:53:03.914079+00:00,20.0,False,2026-10-02T14:53:34.212000+00:00,0,0,1,1,2,6,10,stale_or_missing
2026-10-02T14:54:25.835075+00:00,up,5,2.994,2.769,85682.795,,2026-10-02T14:54:04.481780+00:00,21.4,False,2026-10-02T14:54:35.087290+00:00,0,0,1,1,2,6,10,stale_or_missing
2026-10-02T14:55:25.858999+00:00,up,5,6.356,2.0,85453.15,,2026-10-02T14:55:05.488835+00:00,20.4,False,2026-10-02T14:55:35.869231+00:00,0,0,1,1,2,6,10,stale_or_missing
2026-10-02T14:56:27.214012+00:00,up,5,2.803,2.728,85648.05,,2026-10-02T14:56:06.364172+00:00,20.8,False,2026-10-02T14:56:36.849378+00:00,0,0,1,1,2,6,10,stale_or_missing
2026-10-02T14:57:28.192635+00:00,up,5,3.666,3.416,85699.465,,2026-10-02T14:57:07.215665+00:00,21.0,False,2026-10-02T14:57:37.602582+00:00,0,0,1,1,2,6,10,stale_or_missing
2026-10-02T14:58:28.193528+00:00,down,5,-3.29,2.0,85687.45,,2026-10-02T14:58:07.964862+00:00,20.2,False,2026-10-02T14:58:38.327795+00:00,0,0,1,1,2,6,10,stale_or_missing
2026-10-02T14:59:46.903506+00:00,down,5,-2.109,2.0,85679.075,,2026-10-02T14:59:39.061078+00:00,7.8,False,2026-10-02T15:00:09.437629+00:00,0,0,0,1,2,6,10,stale_or_missing
2026-10-02T15:00:47.967920+00:00,down,5,-2.046,2.001,85723.005,,2026-10-02T15:00:39.812268+00:00,8.2,False,2026-10-02T15:01:10.160611+00:00,0,0,0,1,2,6,10,stale_or_missing
2026-10-02T15:02:09.895701+00:00,up,5,2.474,2.0,85700.25,,2026-10-02T15:01:40.541249+00:00,29.4,False,2026-10-02T15:02:10.898111+00:00,0,1,1,1,2,6,10,stale_or_missing
2026-10-02T15:03:10.504344+00:00,down,5,-2.688,2.512,85607.15,,2026-10-02T15:02:41.270446+00:00,29.2,False,2026-10-02T15:03:11.655476+00:00,0,1,1,1,2,6,10,stale_or_missing
2026-10-02T15:04:23.815428+00:00,up,5,2.016,2.0,85604.005,85279.00957087427,2026-10-02T15:04:12.916467+00:00,10.9,False,2026-10-02T15:04:43.277997+00:00,0,0,0,1,2,6,10,stale_or_missing
2026-10-02T15:05:24.165522+00:00,down,5,-7.155,2.393,85462.08,85153.12871572647,2026-10-02T15:05:13.648026+00:00,10.5,False,2026-10-02T15:05:43.994500+00:00,0,0,0,1,2,6,10,stale_or_missing
2026-10-02T15:06:29.394865+00:00,up,5,2.773,2.25,85468.75,85167.63512629237,2026-10-02T15:06:14.455225+00:00,14.9,False,2026-10-02T15:06:45.103374+00:00,0,0,0,1,2,6,10,stale_or_missing
2026-10-02T15:07:29.395634+00:00,down,5,-2.61,2.162,85418.75,85120.84781489668,2026-10-02T15:07:15.523891+00:00,13.9,False,2026-10-02T15:07:45.954154+00:00,0,0,0,1,2,6,10,stale_or_missing
2026-10-02T15:08:29.407055+00:00,up,5,3.341,2.269,85447.995,85164.66344756428,2026-10-02T15:08:16.301561+00:00,13.1,False,2026-10-02T15:08:46.649535+00:00,0,0,0,1,2,6,10,stale_or_missing
2026-10-02T15:09:29.409488+00:00,down,5,-4.804,2.516,85464.95,85187.04605359473,2026-10-02T15:09:17.005370+00:00,12.4,False,2026-10-02T15:09:47.375505+00:00,0,0,0,1,2,6,10,stale_or_missing
2026-10-02T15:10:29.440860+00:00,down,5,-2.84,2.739,85550.35,85275.04240053415,2026-10-02T15:10:17.731740+00:00,11.7,False,2026-10-02T15:10:48.087530+00:00,0,0,0,1,2,6,10,stale_or_missing
2026-10-02T15:11:29.444590+00:00,down,5,-3.541,2.387,85559.05,85280.84007130192,2026-10-02T15:11:18.439369+00:00,11.0,False,2026-10-02T15:11:48.796483+00:00,0,0,0,1,2,6,10,stale_or_missing
2026-10-02T15:12:45.214688+00:00,down,5,-2.108,2.0,85528.005,85249.89601944518,2026-10-02T15:12:19.155879+00:00,26.1,False,2026-10-02T15:12:49.509200+00:00,0,1,1,1,2,6,10,stale_or_missing
2026-10-02T15:13:45.298586+00:00,up,5,3.495,2.266,85575.05,85299.66291403635,2026-10-02T15:13:19.884535+00:00,25.4,False,2026-10-02T15:13:50.237300+00:00,0,1,1,1,2,6,10,stale_or_missing
2026-10-02T15:15:04.467924+00:00,up,5,2.05,2.0,85652.005,85383.97650798282,2026-10-02T15:14:50.955047+00:00,13.5,False,2026-10-02T15:15:21.330889+00:00,0,0,0,1,2,6,10,stale_or_missing
2026-10-02T15:16:10.325521+00:00,down,5,-2.268,2.0,85523.65,85257.71367315967,2026-10-02T15:15:51.688956+00:00,18.6,False,2026-10-02T15:16:22.065965+00:00,0,0,1,1,2,6,10,stale_or_missing
2026-10-02T15:17:11.681135+00:00,up,5,2.835,2.0,85508.25,85243.74035491959,2026-10-02T15:16:52.442226+00:00,19.2,False,2026-10-02T15:17:23.060190+00:00,0,0,1,1,2,6,10,stale_or_missing
2026-10-02T15:18:13.089660+00:00,up,5,2.268,2.211,85562.75,85310.56497145265,2026-10-02T15:17:53.542290+00:00,19.5,False,2026-10-02T15:18:24.097323+00:00,0,0,1,1,2,6,10,stale_or_missing
2026-10-02T15:19:23.971763+00:00,down,5,-2.037,2.0,85612.005,85375.74225279198,2026-10-02T15:18:54.927477+00:00,29.0,False,2026-10-02T15:19:25.336927+00:00,0,1,1,1,2,6,10,stale_or_missing
2026-10-02T15:20:24.111146+00:00,up,5,2.25,2.0,85549.25,85318.63125856852,2026-10-02T15:19:55.916818+00:00,28.2,False,2026-10-02T15:20:26.292126+00:00,0,1,1,1,2,6,10,stale_or_missing
2026-10-02T15:21:24.128891+00:00,down,5,-5.505,2.156,85528.25,85300.0586208362,2026-10-02T15:20:56.670938+00:00,27.5,False,2026-10-02T15:21:26.935782+00:00,0,1,1,1,2,6,10,stale_or_missing
2026-10-02T15:22:28.680783+00:00,down,5,-2.098,2.091,85540.005,85316.8954996997,2026-10-02T15:22:27.480933+00:00,1.2,True,2026-10-02T15:22:57.747686+00:00,0,0,0,1,2,5,10,fresh
2026-10-02T15:23:34.804098+00:00,up,5,2.035,2.0,85492.35,85273.78140196847,2026-10-02T15:23:28.039203+00:00,6.8,False,2026-10-02T15:23:58.303454+00:00,0,0,0,1,2,6,9,stale_or_missing
2026-10-02T15:24:39.698294+00:00,down,5,-2.309,2.0,85411.325,85186.70272466433,2026-10-02T15:24:28.580486+00:00,11.1,False,2026-10-02T15:24:58.850456+00:00,0,0,0,1,2,6,9,stale_or_missing
2026-10-02T15:25:43.532106+00:00,up,5,2.034,2.0,85352.005,85127.53872965985,2026-10-02T15:25:29.125046+00:00,14.4,False,2026-10-02T15:25:59.402809+00:00,0,0,0,1,2,5,9,stale_or_missing
2026-10-02T15:26:43.548102+00:00,up,5,2.329,2.0,85447.45,85252.10228617371,2026-10-02T15:26:29.671548+00:00,13.9,False,2026-10-02T15:26:59.979630+00:00,0,0,0,2,2,5,9,stale_or_missing
2026-10-02T15:27:44.011447+00:00,up,5,2.397,2.228,85548.55,85357.45339123759,2026-10-02T15:27:11.362612+00:00,32.6,False,2026-10-02T15:28:15.971094+00:00,0,0,0,0,1,5,9,stale_or_missing
2026-10-02T15:28:49.269239+00:00,down,5,-2.013,2.0,85529.33499999999,85338.76651155198,2026-10-02T15:28:46.311149+00:00,3.0,False,2026-10-02T15:29:16.755017+00:00,0,0,0,1,2,6,9,stale_or_missing
2026-10-02T15:29:53.952786+00:00,up,5,2.019,2.0,85480.10500000001,85289.64620124719,2026-10-02T15:29:47.016425+00:00,6.9,False,2026-10-02T15:30:17.310849+00:00,0,0,0,1,2,6,10,stale_or_missing
2026-10-02T15:30:54.026048+00:00,down,5,-2.923,2.396,85475.05,85284.6024643268,2026-10-02T15:30:47.579026+00:00,6.4,False,2026-10-02T15:31:17.845715+00:00,0,0,0,1,2,6,10,stale_or_missing
2026-10-02T15:31:54.192777+00:00,down,5,-2.269,2.206,85492.65,85302.16324964803,2026-10-02T15:31:48.286242+00:00,5.9,False,2026-10-02T15:32:18.561149+00:00,0,0,0,1,2,6,10,stale_or_missing
2026-10-02T15:32:57.401039+00:00,up,5,2.059,2.0,85450.44,85263.83373709508,2026-10-02T15:32:48.859383+00:00,8.5,False,2026-10-02T15:33:19.220869+00:00,0,0,0,1,2,6,10,stale_or_missing
2026-10-02T15:34:13.684582+00:00,up,5,2.156,2.044,85525.485,85339.94364010784,2026-10-02T15:33:49.574556+00:00,24.1,False,2026-10-02T15:34:19.942634+00:00,0,0,1,1,2,6,10,stale_or_missing
2026-10-02T15:35:17.668756+00:00,up,5,2.303,2.0,85476.43,85290.99506138577,2026-10-02T15:34:50.532448+00:00,27.1,False,2026-10-02T15:35:20.884981+00:00,0,1,1,1,2,6,10,stale_or_missing
2026-10-02T15:36:31.029091+00:00,down,5,-2.34,2.0,85470.15,85290.71360072988,2026-10-02T15:36:21.618922+00:00,9.4,False,2026-10-02T15:36:51.981039+00:00,0,0,0,1,2,6,10,stale_or_missing
2026-10-02T15:37:33.133367+00:00,down,5,-2.025,2.0,85442.75,85263.37112440733,2026-10-02T15:37:22.357995+00:00,10.8,False,2026-10-02T15:37:53.019640+00:00,0,0,0,1,2,6,10,stale_or_missing
2026-10-02T15:38:38.456518+00:00,up,5,2.479,2.0,85442.32500000001,85276.51414017336,2026-10-02T15:38:23.386123+00:00,15.1,False,2026-10-02T15:38:53.992188+00:00,0,0,0,1,2,6,10,stale_or_missing
2026-10-02T15:39:42.593525+00:00,down,5,-2.049,2.0,85414.15,85273.3220544095,2026-10-02T15:39:24.575775+00:00,18.0,False,2026-10-02T15:39:55.051527+00:00,0,0,1,1,2,6,10,stale_or_missing
2026-10-02T15:40:42.606176+00:00,down,5,-6.172,2.0,85366.05,85246.98068701864,2026-10-02T15:40:25.509230+00:00,17.1,False,2026-10-02T15:40:55.883955+00:00,0,0,1,1,2,6,10,stale_or_missing
2026-10-02T15:41:42.607947+00:00,down,5,-3.04,2.0,85320.05,85342.0997668262,2026-10-02T15:41:26.228459+00:00,16.4,False,2026-10-02T15:41:56.575684+00:00,0,0,1,1,2,6,10,stale_or_missing
2026-10-02T15:43:06.230737+00:00,up,5,2.118,2.0,85463.15,85343.9452510896,2026-10-02T15:42:57.289597+00:00,8.9,False,2026-10-02T15:43:27.624733+00:00,0,0,0,1,2,6,10,stale_or_missing
2026-10-02T15:44:11.116205+00:00,up,5,2.496,2.0,85357.85,85217.11487993476,2026-10-02T15:43:57.961584+00:00,13.2,False,2026-10-02T15:44:28.306081+00:00,0,0,0,1,2,6,10,stale_or_missing
2026-10-02T15:45:32.018321+00:00,down,5,-2.027,2.0,85356.45,85176.84050436587,2026-10-02T15:45:28.995828+00:00,3.0,False,2026-10-02T15:45:59.347112+00:00,0,0,0,1,2,6,9,stale_or_missing
2026-10-02T15:46:45.700656+00:00,down,5,-2.009,2.0,85332.005,85146.59602808657,2026-10-02T15:46:29.705268+00:00,16.0,False,2026-10-02T15:47:00.057164+00:00,0,0,1,1,2,6,10,stale_or_missing
2026-10-02T15:47:56.190099+00:00,up,5,2.045,2.0,85352.25,85162.8565908756,2026-10-02T15:47:30.390010+00:00,25.8,False,2026-10-02T15:48:00.739962+00:00,0,1,1,1,2,6,10,stale_or_missing
2026-10-02T15:48:56.495248+00:00,down,5,-2.517,2.0,85403.65,85205.26495270523,2026-10-02T15:48:31.125455+00:00,25.4,False,2026-10-02T15:49:01.937851+00:00,0,0,1,1,2,6,10,stale_or_missing
2026-10-02T15:50:00.907166+00:00,up,5,2.57,2.0,85411.95,85207.49865885967,2026-10-02T15:49:32.363643+00:00,28.5,False,2026-10-02T15:50:02.932198+00:00,0,1,1,1,2,6,10,stale_or_missing
2026-10-02T15:51:02.973293+00:00,up,5,2.184,2.0,85380.65,85170.42643448664,2026-10-02T15:50:33.272593+00:00,29.7,False,2026-10-02T15:51:03.608761+00:00,1,1,1,1,2,6,10,stale_or_missing
2026-10-02T15:52:03.058007+00:00,down,5,-2.997,2.0,85392.65,85179.48989410179,2026-10-02T15:51:33.951913+00:00,29.1,False,2026-10-02T15:52:04.286448+00:00,0,1,1,1,2,6,10,stale_or_missing
2026-10-02T15:53:06.313380+00:00,down,5,-3.02,2.0,85311.58499999999,85095.64907663128,2026-10-02T15:53:04.988230+00:00,1.3,True,2026-10-02T15:53:35.332636+00:00,0,0,0,1,2,5,9,fresh
2026-10-02T15:54:06.327394+00:00,up,5,2.72,2.0,85321.25,85106.7478761965,2026-10-02T15:54:05.682770+00:00,0.6,True,2026-10-02T15:54:36.026672+00:00,0,0,0,1,1,5,9,fresh
2026-10-02T15:55:12.418162+00:00,up,5,2.077,2.0,85242.75,85028.44522933793,2026-10-02T15:55:06.388115+00:00,6.0,False,2026-10-02T15:55:36.731982+00:00,0,0,0,1,2,6,10,stale_or_missing
2026-10-02T15:56:12.801632+00:00,down,5,-3.123,3.069,85252.225,85035.66636215732,2026-10-02T15:56:07.073810+00:00,5.7,False,2026-10-02T15:56:37.431144+00:00,0,0,0,1,2,6,10,stale_or_missing
2026-10-02T15:57:32.882197+00:00,up,5,2.345,2.0,85290.75,85073.49472010774,2026-10-02T15:57:07.791707+00:00,25.1,False,2026-10-02T15:57:38.273063+00:00,0,0,1,1,2,6,10,stale_or_missing
2026-10-02T15:59:49.303759+00:00,up,5,2.013,2.0,85309.32500000001,85091.8479730296,2026-10-02T15:59:40.925654+00:00,8.4,False,2026-10-02T16:00:11.298051+00:00,0,0,0,1,2,6,10,stale_or_missing
2026-10-02T16:00:56.685433+00:00,up,5,2.25,2.0,85338.35,85120.79898028955,2026-10-02T16:00:41.780643+00:00,14.9,False,2026-10-02T16:01:12.273627+00:00,0,0,0,1,2,6,10,stale_or_missing
2026-10-02T16:02:05.709150+00:00,up,5,2.299,2.0,85502.805,85284.83473908149,2026-10-02T16:01:42.846530+00:00,22.9,False,2026-10-02T16:02:13.211388+00:00,0,0,1,1,2,6,10,stale_or_missing
2026-10-02T16:03:11.835881+00:00,down,5,-2.434,2.069,85441.85,85224.03513020878,2026-10-02T16:02:43.492153+00:00,28.3,False,2026-10-02T16:03:13.772803+00:00,0,1,1,1,2,6,10,stale_or_missing
2026-10-02T16:04:13.535666+00:00,up,5,2.271,2.137,85418.55,85200.7945283429,2026-10-02T16:03:44.043317+00:00,29.5,False,2026-10-02T16:04:14.316473+00:00,1,1,1,1,2,6,10,stale_or_missing
2026-10-02T16:05:18.105091+00:00,down,5,-2.129,2.0,85466.75,85249.22116187423,2026-10-02T16:05:14.871153+00:00,3.2,False,2026-10-02T16:05:45.157249+00:00,0,0,0,1,2,6,9,stale_or_missing
2026-10-02T16:06:25.593183+00:00,down,5,-2.089,2.0,85406.005,85188.63076924227,2026-10-02T16:06:15.501612+00:00,10.1,False,2026-10-02T16:06:45.840984+00:00,0,0,0,1,2,6,10,stale_or_missing
2026-10-02T16:07:25.596544+00:00,up,5,2.073,2.0,85375.25,85157.95404646022,2026-10-02T16:07:16.186523+00:00,9.4,False,2026-10-02T16:07:46.535824+00:00,0,0,0,1,2,6,10,stale_or_missing
2026-10-02T16:08:25.638846+00:00,up,5,4.64,2.0,85284.845,85067.77914406672,2026-10-02T16:08:16.879191+00:00,8.8,False,2026-10-02T16:08:47.248239+00:00,0,0,0,1,2,6,10,stale_or_missing
2026-10-02T16:09:39.626791+00:00,up,5,2.064,2.0,85280.05,85062.9963482371,2026-10-02T16:09:17.678047+00:00,21.9,False,2026-10-02T16:09:48.337599+00:00,0,0,1,1,2,6,10,stale_or_missing
2026-10-02T16:10:39.628615+00:00,down,5,-6.5,2.611,85209.15,84992.27680197639,2026-10-02T16:10:18.808148+00:00,20.8,False,2026-10-02T16:10:49.309518+00:00,0,0,1,1,2,6,10,stale_or_missing
2026-10-02T16:11:40.260159+00:00,down,5,-2.364,2.31,85188.005,84972.0333711773,2026-10-02T16:11:19.639481+00:00,20.6,False,2026-10-02T16:11:49.983429+00:00,0,0,1,1,2,6,10,stale_or_missing
2026-10-02T16:12:40.757357+00:00,down,5,-2.199,2.0,85153.35,84938.16295614248,2026-10-02T16:12:20.320526+00:00,20.4,False,2026-10-02T16:12:50.656989+00:00,0,0,1,1,2,6,10,stale_or_missing
2026-10-02T16:13:59.059592+00:00,down,5,-2.489,2.0,85191.45,84989.69715197492,2026-10-02T16:13:51.188099+00:00,7.9,False,2026-10-02T16:14:21.448701+00:00,0,0,0,1,2,6,10,stale_or_missing
2026-10-02T16:15:06.905163+00:00,up,5,2.218,2.0,85221.45,85041.4945258079,2026-10-02T16:14:51.715251+00:00,15.2,False,2026-10-02T16:15:21.993619+00:00,0,0,0,1,2,6,10,stale_or_missing
2026-10-02T16:16:10.108526+00:00,up,5,2.35,2.0,85262.05,85110.93188469463,2026-10-02T16:15:52.266147+00:00,17.8,False,2026-10-02T16:16:22.541460+00:00,0,0,1,1,2,6,10,stale_or_missing
2026-10-02T16:17:14.807140+00:00,down,5,-2.159,2.0,85290.63500000001,85164.3157468925,2026-10-02T16:16:53.099943+00:00,21.7,False,2026-10-02T16:17:23.743805+00:00,0,0,1,1,2,6,10,stale_or_missing
2026-10-02T16:18:22.589520+00:00,up,5,2.11,2.0,85319.15,85202.57967261199,2026-10-02T16:17:54.138322+00:00,28.5,False,2026-10-02T16:18:24.594582+00:00,0,1,1,1,2,6,10,stale_or_missing
2026-10-02T16:19:44.388435+00:00,down,5,-2.009,2.0,85314.005,85238.52182929755,2026-10-02T16:19:25.132402+00:00,19.3,False,2026-10-02T16:19:55.397471+00:00,0,0,1,1,2,6,10,stale_or_missing
2026-10-02T16:20:44.427287+00:00,up,5,3.424,2.0,85303.05,85246.931313267,2026-10-02T16:20:25.677023+00:00,18.8,False,2026-10-02T16:20:55.955915+00:00,0,0,1,1,2,6,10,stale_or_missing
2026-10-02T16:22:14.053634+00:00,down,5,-2.251,2.0,85283.35,85241.06420960078,2026-10-02T16:21:56.477133+00:00,17.6,False,2026-10-02T16:22:26.740580+00:00,0,0,1,1,2,6,10,stale_or_missing
2026-10-02T16:23:24.575815+00:00,down,5,-2.841,2.0,85183.95,85173.95626911607,2026-10-02T16:22:57.004898+00:00,27.6,False,2026-10-02T16:23:27.284888+00:00,0,1,1,1,2,6,10,stale_or_missing
2026-10-02T16:24:24.584869+00:00,down,5,-2.36,2.0,85175.55,85170.40601511695,2026-10-02T16:23:57.544436+00:00,27.0,False,2026-10-02T16:24:27.821134+00:00,0,1,1,1,2,6,10,stale_or_missing
2026-10-02T16:25:31.316015+00:00,up,5,2.083,2.0,85187.75,85203.67691013787,2026-10-02T16:25:28.739193+00:00,2.6,False,2026-10-02T16:25:59.638449+00:00,0,0,0,1,2,5,9,stale_or_missing
2026-10-02T16:27:11.831416+00:00,up,5,2.055,2.039,85177.55,85199.52682177137,2026-10-02T16:27:00.381939+00:00,11.4,False,2026-10-02T16:27:30.873552+00:00,0,0,0,1,2,6,10,stale_or_missing
2026-10-02T16:28:11.839050+00:00,down,5,-2.136,2.0,85210.35,85237.27315569208,2026-10-02T16:28:01.179240+00:00,10.7,False,2026-10-02T16:28:31.440009+00:00,0,0,0,1,2,6,8,stale_or_missing
2026-10-02T16:29:41.645070+00:00,down,5,-2.5,2.0,85176.05,85210.38218416397,2026-10-02T16:29:32.071215+00:00,9.6,False,2026-10-02T16:30:02.333656+00:00,0,0,0,1,2,5,5,stale_or_missing
2026-10-02T16:31:34.281043+00:00,down,5,-2.77,2.0,85188.05,85226.94114965881,2026-10-02T16:31:33.122600+00:00,1.2,True,2026-10-02T16:32:03.389788+00:00,0,0,0,1,1,1,1,fresh
