run_id,boot_id,canonical_symbol,t0_mono_ns,t0_utc,direction,W_s,delta_R_bps,threshold_bps,R0,F0,external_R_usable,external_max_age_s,safe_quote_utc,safe_quote_age_s,safe_max_age_s,safe_baseline_usable,safe_quote_status,bid,ask,mid,spread_bps,bid_R_ratio,ask_R_ratio,bid_F0_ratio,ask_F0_ratio,premium_available,next_snap_utc,n_future_1s,n_future_5s,n_future_15s,n_future_30s,n_future_60s,n_future_180s,n_future_300s,ask_vwap_10_filled,ask_vwap_25_filled,ask_vwap_50_filled,ask_vwap_10_status,ask_vwap_25_status,ask_vwap_50_status,bid_vwap_10_filled,bid_vwap_25_filled,bid_vwap_50_filled,bid_vwap_10_status,bid_vwap_25_status,bid_vwap_50_status
st_059dff501f0b,36e803127568,BTCUSDT,225221687492379,2026-10-02T14:47:21.865816+00:00,up,5,3.21,2.0,85992.85,,True,2.0,2026-10-02T14:47:15.884968+00:00,6.0,5.0,False,stale,85002.0,86398.0,85700.0,162.89,0.988478,1.004711,,,False,2026-10-02T14:48:31.164414+00:00,0,0,0,0,0,4,8,0.0001166861143523920653442240373,0.0002917152858809801633605600933,0.0005834305717619603267211201867,ok,ok,ok,0.0001166861143523920653442240373,0.0002917152858809801633605600933,0.0005834305717619603267211201867,ok,ok,ok
st_059dff501f0b,36e803127568,BTCUSDT,225312789340024,2026-10-02T14:48:52.967664+00:00,up,5,2.139,2.0,86050.55,,True,2.0,2026-10-02T14:48:31.164414+00:00,21.8,5.0,False,stale,85002.1,86398.0,85700.05,162.88,0.987816,1.004038,,,False,2026-10-02T14:49:01.763770+00:00,0,0,1,1,2,6,10,0.0001166860462741853709536925591,0.0002917151156854634273842313978,0.0005834302313709268547684627955,ok,ok,ok,0.0001166860462741853709536925591,0.0002917151156854634273842313978,0.0005834302313709268547684627955,ok,ok,ok
st_059dff501f0b,36e803127568,BTCUSDT,225392028299770,2026-10-02T14:50:12.206623+00:00,down,5,-2.068,2.0,85978.55,,True,2.0,2026-10-02T14:50:02.308580+00:00,9.9,5.0,False,stale,85002.1,86314.7,85658.4,153.24,0.988643,1.00391,,,False,2026-10-02T14:50:32.576268+00:00,0,0,0,1,2,6,10,0.0001167427829611573412531637294,0.0002918569574028933531329093235,0.0005837139148057867062658186471,ok,ok,ok,0.0001167427829611573412531637294,0.0002918569574028933531329093235,0.0005837139148057867062658186471,ok,ok,ok
st_059dff501f0b,36e803127568,BTCUSDT,225461668614123,2026-10-02T14:51:21.846937+00:00,down,5,-2.375,2.219,85900.05,,True,2.0,2026-10-02T14:51:02.845365+00:00,19.0,5.0,False,stale,85002.1,86314.7,85658.4,153.24,0.989547,1.004827,,,False,2026-10-02T14:51:33.111497+00:00,0,0,1,1,2,6,10,0.0001167427829611573412531637294,0.0002918569574028933531329093235,0.0005837139148057867062658186471,ok,ok,ok,0.0001167427829611573412531637294,0.0002918569574028933531329093235,0.0005837139148057867062658186471,ok,ok,ok
st_059dff501f0b,36e803127568,BTCUSDT,225521670030905,2026-10-02T14:52:21.848354+00:00,down,5,-8.786,2.0,85770.13500000001,,True,2.0,2026-10-02T14:52:03.378786+00:00,18.5,5.0,False,stale,85002.1,86314.7,85658.4,153.24,0.991045,1.006349,,,False,2026-10-02T14:52:33.644069+00:00,0,0,1,1,2,6,10,0.0001167427829611573412531637294,0.0002918569574028933531329093235,0.0005837139148057867062658186471,ok,ok,ok,0.0001167427829611573412531637294,0.0002918569574028933531329093235,0.0005837139148057867062658186471,ok,ok,ok
st_059dff501f0b,36e803127568,BTCUSDT,225583767549733,2026-10-02T14:53:23.945873+00:00,down,5,-2.006,2.0,85817.505,,True,2.0,2026-10-02T14:53:03.914079+00:00,20.0,5.0,False,stale,84918.3,86278.0,85598.15,158.85,0.989522,1.005366,,,False,2026-10-02T14:53:34.212000+00:00,0,0,1,1,2,6,10,0.0001168249547449331556815188179,0.0002920623868623328892037970447,0.0005841247737246657784075940894,ok,ok,ok,0.0001168249547449331556815188179,0.0002920623868623328892037970447,0.0005841247737246657784075940894,ok,ok,ok
st_059dff501f0b,36e803127568,BTCUSDT,225645656751984,2026-10-02T14:54:25.835075+00:00,up,5,2.994,2.769,85682.795,,True,2.0,2026-10-02T14:54:04.481780+00:00,21.4,5.0,False,stale,84918.3,86268.9,85593.6,157.79,0.991078,1.00684,,,False,2026-10-02T14:54:35.087290+00:00,0,0,1,1,2,6,10,0.0001168311649469119186481232242,0.0002920779123672797966203080604,0.0005841558247345595932406161208,ok,ok,ok,0.0001168311649469119186481232242,0.0002920779123672797966203080604,0.0005841558247345595932406161208,ok,ok,ok
st_059dff501f0b,36e803127568,BTCUSDT,225705680675319,2026-10-02T14:55:25.858999+00:00,up,5,6.356,2.0,85453.15,,True,2.0,2026-10-02T14:55:05.488835+00:00,20.4,5.0,False,stale,84918.3,86043.4,85480.85,131.62,0.993741,1.006907,,,False,2026-10-02T14:55:35.869231+00:00,0,0,1,1,2,6,10,0.0001169852662906370257197957203,0.0002924631657265925642994893008,0.0005849263314531851285989786016,ok,ok,ok,0.0001169852662906370257197957203,0.0002924631657265925642994893008,0.0005849263314531851285989786016,ok,ok,ok
st_059dff501f0b,36e803127568,BTCUSDT,225767035688704,2026-10-02T14:56:27.214012+00:00,up,5,2.803,2.728,85648.05,,True,2.0,2026-10-02T14:56:06.364172+00:00,20.8,5.0,False,stale,84500.3,86125.4,85312.85,190.49,0.986599,1.005573,,,False,2026-10-02T14:56:36.849378+00:00,0,0,1,1,2,6,10,0.0001172156363314553434799095330,0.0002930390908286383586997738324,0.0005860781816572767173995476649,ok,ok,ok,0.0001172156363314553434799095330,0.0002930390908286383586997738324,0.0005860781816572767173995476649,ok,ok,ok
st_059dff501f0b,36e803127568,BTCUSDT,225828014311484,2026-10-02T14:57:28.192635+00:00,up,5,3.666,3.416,85699.465,,True,2.0,2026-10-02T14:57:07.215665+00:00,21.0,5.0,False,stale,84500.5,86146.0,85323.25,192.85,0.98601,1.00521,,,False,2026-10-02T14:57:37.602582+00:00,0,0,1,1,2,6,10,0.0001172013489875268464340024554,0.0002930033724688171160850061384,0.0005860067449376342321700122768,ok,ok,ok,0.0001172013489875268464340024554,0.0002930033724688171160850061384,0.0005860067449376342321700122768,ok,ok,ok
st_059dff501f0b,36e803127568,BTCUSDT,225888015205042,2026-10-02T14:58:28.193528+00:00,down,5,-3.29,2.0,85687.45,,True,2.0,2026-10-02T14:58:07.964862+00:00,20.2,5.0,False,stale,84500.7,86146.0,85323.35,192.83,0.98615,1.005351,,,False,2026-10-02T14:58:38.327795+00:00,0,0,1,1,2,6,10,0.0001172012116261257908884262046,0.0002930030290653144772210655114,0.0005860060581306289544421310228,ok,ok,ok,0.0001172012116261257908884262046,0.0002930030290653144772210655114,0.0005860060581306289544421310228,ok,ok,ok
st_059dff501f0b,36e803127568,BTCUSDT,225966725182292,2026-10-02T14:59:46.903506+00:00,down,5,-2.109,2.0,85679.075,,True,2.0,2026-10-02T14:59:39.061078+00:00,7.8,5.0,False,stale,84500.9,86146.0,85323.45,192.81,0.986249,1.00545,,,False,2026-10-02T15:00:09.437629+00:00,0,0,0,1,2,6,10,0.0001172010742650467134181751910,0.0002930026856626167835454379775,0.0005860053713252335670908759550,ok,ok,ok,0.0001172010742650467134181751910,0.0002930026856626167835454379775,0.0005860053713252335670908759550,ok,ok,ok
st_059dff501f0b,36e803127568,BTCUSDT,226027789596236,2026-10-02T15:00:47.967920+00:00,down,5,-2.046,2.001,85723.005,,True,2.0,2026-10-02T15:00:39.812268+00:00,8.2,5.0,False,stale,84501.1,86146.0,85323.55,192.78,0.985746,1.004934,,,False,2026-10-02T15:01:10.160611+00:00,0,0,0,1,2,6,10,0.0001172009369042896128911654520,0.0002930023422607240322279136299,0.0005860046845214480644558272599,ok,ok,ok,0.0001172009369042896128911654520,0.0002930023422607240322279136299,0.0005860046845214480644558272599,ok,ok,ok
st_059dff501f0b,36e803127568,BTCUSDT,226109717377640,2026-10-02T15:02:09.895701+00:00,up,5,2.474,2.0,85700.25,,True,2.0,2026-10-02T15:01:40.541249+00:00,29.4,5.0,False,stale,84502.1,86193.0,85347.55,198.12,0.986019,1.00575,,,False,2026-10-02T15:02:10.898111+00:00,0,1,1,1,2,6,10,0.0001171679796315184208568377182,0.0002929199490787960521420942956,0.0005858398981575921042841885912,ok,ok,ok,0.0001171679796315184208568377182,0.0002929199490787960521420942956,0.0005858398981575921042841885912,ok,ok,ok
st_059dff501f0b,36e803127568,BTCUSDT,226170326020587,2026-10-02T15:03:10.504344+00:00,down,5,-2.688,2.512,85607.15,,True,2.0,2026-10-02T15:02:41.270446+00:00,29.2,5.0,False,stale,84502.3,86114.8,85308.55,189.02,0.987094,1.00593,,,False,2026-10-02T15:03:11.655476+00:00,0,1,1,1,2,6,10,0.0001172215446165712580978108290,0.0002930538615414281452445270726,0.0005861077230828562904890541452,ok,ok,ok,0.0001172215446165712580978108290,0.0002930538615414281452445270726,0.0005861077230828562904890541452,ok,ok,ok
st_059dff501f0b,36e803127568,BTCUSDT,226243637105354,2026-10-02T15:04:23.815428+00:00,up,5,2.016,2.0,85604.005,85279.00957087427,True,2.0,2026-10-02T15:04:12.916467+00:00,10.9,5.0,False,stale,84502.5,86089.4,85295.95,186.05,0.987133,1.00567,0.990894,1.009503,True,2026-10-02T15:04:43.277997+00:00,0,0,0,1,2,6,10,0.0001172388606961995264722416481,0.0002930971517404988161806041201,0.0005861943034809976323612082403,ok,ok,ok,0.0001172388606961995264722416481,0.0002930971517404988161806041201,0.0005861943034809976323612082403,ok,ok,ok
st_059dff501f0b,36e803127568,BTCUSDT,226303987198328,2026-10-02T15:05:24.165522+00:00,down,5,-7.155,2.393,85462.08,85153.12871572647,True,2.0,2026-10-02T15:05:13.648026+00:00,10.5,5.0,False,stale,84502.7,86083.7,85293.2,185.36,0.988774,1.007274,0.992362,1.010928,True,2026-10-02T15:05:43.994500+00:00,0,0,0,1,2,6,10,0.0001172426406794445512655170635,0.0002931066016986113781637926587,0.0005862132033972227563275853175,ok,ok,ok,0.0001172426406794445512655170635,0.0002931066016986113781637926587,0.0005862132033972227563275853175,ok,ok,ok
st_059dff501f0b,36e803127568,BTCUSDT,226369216541123,2026-10-02T15:06:29.394865+00:00,up,5,2.773,2.25,85468.75,85167.63512629237,True,2.0,2026-10-02T15:06:14.455225+00:00,14.9,5.0,False,stale,84527.5,85955.0,85241.25,167.47,0.988987,1.005689,0.992484,1.009245,True,2026-10-02T15:06:45.103374+00:00,0,0,0,1,2,6,10,0.0001173140938219465341017406479,0.0002932852345548663352543516197,0.0005865704691097326705087032393,ok,ok,ok,0.0001173140938219465341017406479,0.0002932852345548663352543516197,0.0005865704691097326705087032393,ok,ok,ok
st_059dff501f0b,36e803127568,BTCUSDT,226429217310565,2026-10-02T15:07:29.395634+00:00,down,5,-2.61,2.162,85418.75,85120.84781489668,True,2.0,2026-10-02T15:07:15.523891+00:00,13.9,5.0,False,stale,84545.9,85965.9,85255.9,166.56,0.989782,1.006406,0.993246,1.009928,True,2026-10-02T15:07:45.954154+00:00,0,0,0,1,2,6,10,0.0001172939350824986892402754531,0.0002932348377062467231006886327,0.0005864696754124934462013772654,ok,ok,ok,0.0001172939350824986892402754531,0.0002932348377062467231006886327,0.0005864696754124934462013772654,ok,ok,ok
st_059dff501f0b,36e803127568,BTCUSDT,226489228731781,2026-10-02T15:08:29.407055+00:00,up,5,3.341,2.269,85447.995,85164.66344756428,True,2.0,2026-10-02T15:08:16.301561+00:00,13.1,5.0,False,stale,84546.0,85908.4,85227.2,159.86,0.989444,1.005388,0.992736,1.008733,True,2026-10-02T15:08:46.649535+00:00,0,0,0,1,2,6,10,0.0001173334334578632173766121614,0.0002933335836446580434415304034,0.0005866671672893160868830608069,ok,ok,ok,0.0001173334334578632173766121614,0.0002933335836446580434415304034,0.0005866671672893160868830608069,ok,ok,ok
st_059dff501f0b,36e803127568,BTCUSDT,226549231164537,2026-10-02T15:09:29.409488+00:00,down,5,-4.804,2.516,85464.95,85187.04605359473,True,2.0,2026-10-02T15:09:17.005370+00:00,12.4,5.0,False,stale,84551.5,85966.0,85258.75,165.91,0.989312,1.005863,0.992539,1.009144,True,2026-10-02T15:09:47.375505+00:00,0,0,0,1,2,6,10,0.0001172900142214142243464747020,0.0002932250355535355608661867550,0.0005864500711070711217323735101,ok,ok,ok,0.0001172900142214142243464747020,0.0002932250355535355608661867550,0.0005864500711070711217323735101,ok,ok,ok
st_059dff501f0b,36e803127568,BTCUSDT,226609262537111,2026-10-02T15:10:29.440860+00:00,down,5,-2.84,2.739,85550.35,85275.04240053415,True,2.0,2026-10-02T15:10:17.731740+00:00,11.7,5.0,False,stale,84551.5,85966.0,85258.75,165.91,0.988324,1.004859,0.991515,1.008103,True,2026-10-02T15:10:48.087530+00:00,0,0,0,1,2,6,10,0.0001172900142214142243464747020,0.0002932250355535355608661867550,0.0005864500711070711217323735101,ok,ok,ok,0.0001172900142214142243464747020,0.0002932250355535355608661867550,0.0005864500711070711217323735101,ok,ok,ok
st_059dff501f0b,36e803127568,BTCUSDT,226669266267180,2026-10-02T15:11:29.444590+00:00,down,5,-3.541,2.387,85559.05,85280.84007130192,True,2.0,2026-10-02T15:11:18.439369+00:00,11.0,5.0,False,stale,84551.5,85966.0,85258.75,165.91,0.988224,1.004756,0.991448,1.008034,True,2026-10-02T15:11:48.796483+00:00,0,0,0,1,2,6,10,0.0001172900142214142243464747020,0.0002932250355535355608661867550,0.0005864500711070711217323735101,ok,ok,ok,0.0001172900142214142243464747020,0.0002932250355535355608661867550,0.0005864500711070711217323735101,ok,ok,ok
st_059dff501f0b,36e803127568,BTCUSDT,226745036364261,2026-10-02T15:12:45.214688+00:00,down,5,-2.108,2.0,85528.005,85249.89601944518,True,2.0,2026-10-02T15:12:19.155879+00:00,26.1,5.0,False,stale,84572.5,86097.5,85335.0,178.71,0.988828,1.006659,0.992054,1.009943,True,2026-10-02T15:12:49.509200+00:00,0,1,1,1,2,6,10,0.0001171852112263432354836819593,0.0002929630280658580887092048983,0.0005859260561317161774184097967,ok,ok,ok,0.0001171852112263432354836819593,0.0002929630280658580887092048983,0.0005859260561317161774184097967,ok,ok,ok
st_059dff501f0b,36e803127568,BTCUSDT,226805120262992,2026-10-02T15:13:45.298586+00:00,up,5,3.495,2.266,85575.05,85299.66291403635,True,2.0,2026-10-02T15:13:19.884535+00:00,25.4,5.0,False,stale,85555.7,86003.3,85779.5,52.18,0.999774,1.005004,1.003002,1.008249,True,2026-10-02T15:13:50.237300+00:00,0,1,1,1,2,6,10,0.0001165779702609597864291584819,0.0002914449256523994660728962048,0.0005828898513047989321457924096,ok,ok,ok,0.0001165779702609597864291584819,0.0002914449256523994660728962048,0.0005828898513047989321457924096,ok,ok,ok
st_059dff501f0b,36e803127568,BTCUSDT,226884289600663,2026-10-02T15:15:04.467924+00:00,up,5,2.05,2.0,85652.005,85383.97650798282,True,2.0,2026-10-02T15:14:50.955047+00:00,13.5,5.0,False,stale,85555.7,86103.0,85829.35,63.77,0.998876,1.005265,1.002011,1.008421,True,2026-10-02T15:15:21.330889+00:00,0,0,0,1,2,6,10,0.0001165102613499927472362309630,0.0002912756533749818680905774074,0.0005825513067499637361811548148,ok,ok,ok,0.0001165102613499927472362309630,0.0002912756533749818680905774074,0.0005825513067499637361811548148,ok,ok,ok
st_059dff501f0b,36e803127568,BTCUSDT,226950147197033,2026-10-02T15:16:10.325521+00:00,down,5,-2.268,2.0,85523.65,85257.71367315967,True,2.0,2026-10-02T15:15:51.688956+00:00,18.6,5.0,False,stale,85555.7,86103.1,85829.4,63.78,1.000375,1.006775,1.003495,1.009916,True,2026-10-02T15:16:22.065965+00:00,0,0,1,1,2,6,10,0.0001165101934768272876193938208,0.0002912754836920682190484845519,0.0005825509673841364380969691038,ok,ok,ok,0.0001165101934768272876193938208,0.0002912754836920682190484845519,0.0005825509673841364380969691038,ok,ok,ok
st_059dff501f0b,36e803127568,BTCUSDT,227011502811542,2026-10-02T15:17:11.681135+00:00,up,5,2.835,2.0,85508.25,85243.74035491959,True,2.0,2026-10-02T15:16:52.442226+00:00,19.2,5.0,False,stale,85555.7,86103.1,85829.4,63.78,1.000555,1.006957,1.00366,1.010081,True,2026-10-02T15:17:23.060190+00:00,0,0,1,1,2,6,10,0.0001165101934768272876193938208,0.0002912754836920682190484845519,0.0005825509673841364380969691038,ok,ok,ok,0.0001165101934768272876193938208,0.0002912754836920682190484845519,0.0005825509673841364380969691038,ok,ok,ok
st_059dff501f0b,36e803127568,BTCUSDT,227072911336885,2026-10-02T15:18:13.089660+00:00,up,5,2.268,2.211,85562.75,85310.56497145265,True,2.0,2026-10-02T15:17:53.542290+00:00,19.5,5.0,False,stale,85555.7,85991.5,85773.6,50.81,0.999918,1.005011,1.002873,1.007982,True,2026-10-02T15:18:24.097323+00:00,0,0,1,1,2,6,10,0.0001165859891621664474850070418,0.0002914649729054161187125176045,0.0005829299458108322374250352090,ok,ok,ok,0.0001165859891621664474850070418,0.0002914649729054161187125176045,0.0005829299458108322374250352090,ok,ok,ok
st_059dff501f0b,36e803127568,BTCUSDT,227143793439364,2026-10-02T15:19:23.971763+00:00,down,5,-2.037,2.0,85612.005,85375.74225279198,True,2.0,2026-10-02T15:18:54.927477+00:00,29.0,5.0,False,stale,85555.7,86030.6,85793.15,55.35,0.999342,1.004889,1.002108,1.00767,True,2026-10-02T15:19:25.336927+00:00,0,1,1,1,2,6,10,0.0001165594222848793872238051639,0.0002913985557121984680595129098,0.0005827971114243969361190258197,ok,ok,ok,0.0001165594222848793872238051639,0.0002913985557121984680595129098,0.0005827971114243969361190258197,ok,ok,ok
st_059dff501f0b,36e803127568,BTCUSDT,227203932822621,2026-10-02T15:20:24.111146+00:00,up,5,2.25,2.0,85549.25,85318.63125856852,True,2.0,2026-10-02T15:19:55.916818+00:00,28.2,5.0,False,stale,85555.7,86057.4,85806.55,58.47,1.000075,1.00594,1.002779,1.008659,True,2026-10-02T15:20:26.292126+00:00,0,1,1,1,2,6,10,0.0001165412197553683256115063477,0.0002913530493884208140287658693,0.0005827060987768416280575317385,ok,ok,ok,0.0001165412197553683256115063477,0.0002913530493884208140287658693,0.0005827060987768416280575317385,ok,ok,ok
st_059dff501f0b,36e803127568,BTCUSDT,227263950568457,2026-10-02T15:21:24.128891+00:00,down,5,-5.505,2.156,85528.25,85300.0586208362,True,2.0,2026-10-02T15:20:56.670938+00:00,27.5,5.0,False,stale,85555.7,86044.9,85800.3,57.02,1.000321,1.006041,1.002997,1.008732,True,2026-10-02T15:21:26.935782+00:00,0,1,1,1,2,6,10,0.0001165497090336513974892861680,0.0002913742725841284937232154200,0.0005827485451682569874464308400,ok,ok,ok,0.0001165497090336513974892861680,0.0002913742725841284937232154200,0.0005827485451682569874464308400,ok,ok,ok
st_059dff501f0b,36e803127568,BTCUSDT,227328502460376,2026-10-02T15:22:28.680783+00:00,down,5,-2.098,2.091,85540.005,85316.8954996997,True,2.0,2026-10-02T15:22:27.480933+00:00,1.2,5.0,True,fresh,85555.7,86062.0,85808.85,59.0,1.000183,1.006102,1.002799,1.008733,True,2026-10-02T15:22:57.747686+00:00,0,0,0,1,2,5,10,0.0001165380960122411616051258116,0.0002913452400306029040128145290,0.0005826904800612058080256290581,ok,ok,ok,0.0001165380960122411616051258116,0.0002913452400306029040128145290,0.0005826904800612058080256290581,ok,ok,ok
st_059dff501f0b,36e803127568,BTCUSDT,227394625774234,2026-10-02T15:23:34.804098+00:00,up,5,2.035,2.0,85492.35,85273.78140196847,True,2.0,2026-10-02T15:23:28.039203+00:00,6.8,5.0,False,stale,85555.7,85992.9,85774.3,50.97,1.000741,1.005855,1.003306,1.008433,True,2026-10-02T15:23:58.303454+00:00,0,0,0,1,2,6,9,0.0001165850377094304471152781194,0.0002914625942735761177881952986,0.0005829251885471522355763905972,ok,ok,ok,0.0001165850377094304471152781194,0.0002914625942735761177881952986,0.0005829251885471522355763905972,ok,ok,ok
st_059dff501f0b,36e803127568,BTCUSDT,227459519970616,2026-10-02T15:24:39.698294+00:00,down,5,-2.309,2.0,85411.325,85186.70272466433,True,2.0,2026-10-02T15:24:28.580486+00:00,11.1,5.0,False,stale,84583.1,85985.8,85284.45,164.47,0.990303,1.006726,0.992914,1.009381,True,2026-10-02T15:24:58.850456+00:00,0,0,0,1,2,6,9,0.0001172546695206453227991738236,0.0002931366738016133069979345590,0.0005862733476032266139958691180,ok,ok,ok,0.0001172546695206453227991738236,0.0002931366738016133069979345590,0.0005862733476032266139958691180,ok,ok,ok
st_059dff501f0b,36e803127568,BTCUSDT,227523353782320,2026-10-02T15:25:43.532106+00:00,up,5,2.034,2.0,85352.005,85127.53872965985,True,2.0,2026-10-02T15:25:29.125046+00:00,14.4,5.0,False,stale,84583.1,85882.5,85232.8,152.45,0.990991,1.006215,0.993604,1.008869,True,2026-10-02T15:25:59.402809+00:00,0,0,0,1,2,5,9,0.0001173257243690222543433983161,0.0002933143109225556358584957904,0.0005866286218451112717169915807,ok,ok,ok,0.0001173257243690222543433983161,0.0002933143109225556358584957904,0.0005866286218451112717169915807,ok,ok,ok
st_059dff501f0b,36e803127568,BTCUSDT,227583369779055,2026-10-02T15:26:43.548102+00:00,up,5,2.329,2.0,85447.45,85252.10228617371,True,2.0,2026-10-02T15:26:29.671548+00:00,13.9,5.0,False,stale,84500.0,87145.9,85822.95,308.3,0.988912,1.019877,0.991178,1.022214,True,2026-10-02T15:26:59.979630+00:00,0,0,0,2,2,5,9,0.0001165189497680981602240426366,0.0002912973744202454005601065915,0.0005825947488404908011202131831,ok,ok,ok,0.0001165189497680981602240426366,0.0002912973744202454005601065915,0.0005825947488404908011202131831,ok,ok,ok
st_059dff501f0b,36e803127568,BTCUSDT,227643833123825,2026-10-02T15:27:44.011447+00:00,up,5,2.397,2.228,85548.55,85357.45339123759,True,2.0,2026-10-02T15:27:11.362612+00:00,32.6,5.0,False,stale,84584.1,85883.0,85233.55,152.39,0.988726,1.003909,0.99094,1.006157,True,2026-10-02T15:28:15.971094+00:00,0,0,0,0,1,5,9,0.0001173246919786867964551517566,0.0002933117299467169911378793914,0.0005866234598934339822757587828,ok,ok,ok,0.0001173246919786867964551517566,0.0002933117299467169911378793914,0.0005866234598934339822757587828,ok,ok,ok
st_059dff501f0b,36e803127568,BTCUSDT,227709090915908,2026-10-02T15:28:49.269239+00:00,down,5,-2.013,2.0,85529.33499999999,85338.76651155198,True,2.0,2026-10-02T15:28:46.311149+00:00,3.0,5.0,True,fresh,84584.1,85883.0,85233.55,152.39,0.988948,1.004135,0.991157,1.006377,True,2026-10-02T15:29:16.755017+00:00,0,0,0,1,2,6,9,0.0001173246919786867964551517566,0.0002933117299467169911378793914,0.0005866234598934339822757587828,ok,ok,ok,0.0001173246919786867964551517566,0.0002933117299467169911378793914,0.0005866234598934339822757587828,ok,ok,ok
st_059dff501f0b,36e803127568,BTCUSDT,227773774462324,2026-10-02T15:29:53.952786+00:00,up,5,2.019,2.0,85480.10500000001,85289.64620124719,True,2.0,2026-10-02T15:29:47.016425+00:00,6.9,5.0,False,stale,84584.1,85883.0,85233.55,152.39,0.989518,1.004713,0.991728,1.006957,True,2026-10-02T15:30:17.310849+00:00,0,0,0,1,2,6,10,0.0001173246919786867964551517566,0.0002933117299467169911378793914,0.0005866234598934339822757587828,ok,ok,ok,0.0001173246919786867964551517566,0.0002933117299467169911378793914,0.0005866234598934339822757587828,ok,ok,ok
st_059dff501f0b,36e803127568,BTCUSDT,227833847725667,2026-10-02T15:30:54.026048+00:00,down,5,-2.923,2.396,85475.05,85284.6024643268,True,2.0,2026-10-02T15:30:47.579026+00:00,6.4,5.0,False,stale,84584.1,85883.0,85233.55,152.39,0.989576,1.004773,0.991786,1.007016,True,2026-10-02T15:31:17.845715+00:00,0,0,0,1,2,6,10,0.0001173246919786867964551517566,0.0002933117299467169911378793914,0.0005866234598934339822757587828,ok,ok,ok,0.0001173246919786867964551517566,0.0002933117299467169911378793914,0.0005866234598934339822757587828,ok,ok,ok
st_059dff501f0b,36e803127568,BTCUSDT,227894014453731,2026-10-02T15:31:54.192777+00:00,down,5,-2.269,2.206,85492.65,85302.16324964803,True,2.0,2026-10-02T15:31:48.286242+00:00,5.9,5.0,False,stale,84585.1,85996.1,85290.6,165.43,0.989384,1.005889,0.991594,1.008135,True,2026-10-02T15:32:18.561149+00:00,0,0,0,1,2,6,10,0.0001172462147059582181389273847,0.0002931155367648955453473184618,0.0005862310735297910906946369236,ok,ok,ok,0.0001172462147059582181389273847,0.0002931155367648955453473184618,0.0005862310735297910906946369236,ok,ok,ok
st_059dff501f0b,36e803127568,BTCUSDT,227957222715581,2026-10-02T15:32:57.401039+00:00,up,5,2.059,2.0,85450.44,85263.83373709508,True,2.0,2026-10-02T15:32:48.859383+00:00,8.5,5.0,False,stale,84585.1,85938.5,85261.8,158.73,0.989873,1.005712,0.99204,1.007913,True,2026-10-02T15:33:19.220869+00:00,0,0,0,1,2,6,10,0.0001172858185025415836869500761,0.0002932145462563539592173751903,0.0005864290925127079184347503806,ok,ok,ok,0.0001172858185025415836869500761,0.0002932145462563539592173751903,0.0005864290925127079184347503806,ok,ok,ok
st_059dff501f0b,36e803127568,BTCUSDT,228033506258021,2026-10-02T15:34:13.684582+00:00,up,5,2.156,2.044,85525.485,85339.94364010784,True,2.0,2026-10-02T15:33:49.574556+00:00,24.1,5.0,False,stale,84585.1,86048.0,85316.55,171.47,0.989005,1.006109,0.991155,1.008297,True,2026-10-02T15:34:19.942634+00:00,0,0,1,1,2,6,10,0.0001172105529349229428522367583,0.0002930263823373073571305918957,0.0005860527646746147142611837914,ok,ok,ok,0.0001172105529349229428522367583,0.0002930263823373073571305918957,0.0005860527646746147142611837914,ok,ok,ok
st_059dff501f0b,36e803127568,BTCUSDT,228097490433220,2026-10-02T15:35:17.668756+00:00,up,5,2.303,2.0,85476.43,85290.99506138577,True,2.0,2026-10-02T15:34:50.532448+00:00,27.1,5.0,False,stale,84585.1,85959.0,85272.05,161.12,0.989572,1.005646,0.991724,1.007832,True,2026-10-02T15:35:20.884981+00:00,0,1,1,1,2,6,10,0.0001172717203350922136854924914,0.0002931793008377305342137312285,0.0005863586016754610684274624569,ok,ok,ok,0.0001172717203350922136854924914,0.0002931793008377305342137312285,0.0005863586016754610684274624569,ok,ok,ok
st_059dff501f0b,36e803127568,BTCUSDT,228170850767706,2026-10-02T15:36:31.029091+00:00,down,5,-2.34,2.0,85470.15,85290.71360072988,True,2.0,2026-10-02T15:36:21.618922+00:00,9.4,5.0,False,stale,84586.1,86018.2,85302.15,167.89,0.989657,1.006412,0.991739,1.008529,True,2026-10-02T15:36:51.981039+00:00,0,0,0,1,2,6,10,0.0001172303394463093837611361496,0.0002930758486157734594028403739,0.0005861516972315469188056807478,ok,ok,ok,0.0001172303394463093837611361496,0.0002930758486157734594028403739,0.0005861516972315469188056807478,ok,ok,ok
st_059dff501f0b,36e803127568,BTCUSDT,228232955044202,2026-10-02T15:37:33.133367+00:00,down,5,-2.025,2.0,85442.75,85263.37112440733,True,2.0,2026-10-02T15:37:22.357995+00:00,10.8,5.0,False,stale,84586.1,86000.9,85293.5,165.87,0.989974,1.006532,0.992057,1.00865,True,2026-10-02T15:37:53.019640+00:00,0,0,0,1,2,6,10,0.0001172422283057911798671645553,0.0002931055707644779496679113883,0.0005862111415289558993358227766,ok,ok,ok,0.0001172422283057911798671645553,0.0002931055707644779496679113883,0.0005862111415289558993358227766,ok,ok,ok
st_059dff501f0b,36e803127568,BTCUSDT,228298278195081,2026-10-02T15:38:38.456518+00:00,up,5,2.479,2.0,85442.32500000001,85276.51414017336,True,2.0,2026-10-02T15:38:23.386123+00:00,15.1,5.0,False,stale,85616.0,85914.3,85765.15,34.78,1.002033,1.005524,1.003981,1.007479,True,2026-10-02T15:38:53.992188+00:00,0,0,0,1,2,6,10,0.0001165974757812468117877716065,0.0002914936894531170294694290163,0.0005829873789062340589388580327,ok,ok,ok,0.0001165974757812468117877716065,0.0002914936894531170294694290163,0.0005829873789062340589388580327,ok,ok,ok
st_059dff501f0b,36e803127568,BTCUSDT,228362415202189,2026-10-02T15:39:42.593525+00:00,down,5,-2.049,2.0,85414.15,85273.3220544095,True,2.0,2026-10-02T15:39:24.575775+00:00,18.0,5.0,False,stale,85616.0,85787.3,85701.65,19.99,1.002363,1.004369,1.004019,1.006027,True,2026-10-02T15:39:55.051527+00:00,0,0,1,1,2,6,10,0.0001166838678135135087830864400,0.0002917096695337837719577161000,0.0005834193390675675439154322000,ok,ok,ok,0.0001166838678135135087830864400,0.0002917096695337837719577161000,0.0005834193390675675439154322000,ok,ok,ok
st_059dff501f0b,36e803127568,BTCUSDT,228422427853040,2026-10-02T15:40:42.606176+00:00,down,5,-6.172,2.0,85366.05,85246.98068701864,True,2.0,2026-10-02T15:40:25.509230+00:00,17.1,5.0,False,stale,85616.0,85787.2,85701.6,19.98,1.002928,1.004933,1.004329,1.006337,True,2026-10-02T15:40:55.883955+00:00,0,0,1,1,2,6,10,0.0001166839358891782650498940510,0.0002917098397229456626247351275,0.0005834196794458913252494702549,ok,ok,ok,0.0001166839358891782650498940510,0.0002917098397229456626247351275,0.0005834196794458913252494702549,ok,ok,ok
st_059dff501f0b,36e803127568,BTCUSDT,228482429624089,2026-10-02T15:41:42.607947+00:00,down,5,-3.04,2.0,85320.05,85342.0997668262,True,2.0,2026-10-02T15:41:26.228459+00:00,16.4,5.0,False,stale,84501.1,85787.3,85144.2,151.06,0.990401,1.005476,0.990146,1.005217,True,2026-10-02T15:41:56.575684+00:00,0,0,1,1,2,6,10,0.0001174478120647090465351720963,0.0002936195301617726163379302407,0.0005872390603235452326758604814,ok,ok,ok,0.0001174478120647090465351720963,0.0002936195301617726163379302407,0.0005872390603235452326758604814,ok,ok,ok
st_059dff501f0b,36e803127568,BTCUSDT,228566052413918,2026-10-02T15:43:06.230737+00:00,up,5,2.118,2.0,85463.15,85343.9452510896,True,2.0,2026-10-02T15:42:57.289597+00:00,8.9,5.0,False,stale,84501.1,85740.7,85120.9,145.63,0.988743,1.003248,0.990124,1.004649,True,2026-10-02T15:43:27.624733+00:00,0,0,0,1,2,6,10,0.0001174799608556770428884093096,0.0002936999021391926072210232740,0.0005873998042783852144420465479,ok,ok,ok,0.0001174799608556770428884093096,0.0002936999021391926072210232740,0.0005873998042783852144420465479,ok,ok,ok
st_059dff501f0b,36e803127568,BTCUSDT,228630937882097,2026-10-02T15:44:11.116205+00:00,up,5,2.496,2.0,85357.85,85217.11487993476,True,2.0,2026-10-02T15:43:57.961584+00:00,13.2,5.0,False,stale,84501.1,85740.7,85120.9,145.63,0.989963,1.004485,0.991598,1.006144,True,2026-10-02T15:44:28.306081+00:00,0,0,0,1,2,6,10,0.0001174799608556770428884093096,0.0002936999021391926072210232740,0.0005873998042783852144420465479,ok,ok,ok,0.0001174799608556770428884093096,0.0002936999021391926072210232740,0.0005873998042783852144420465479,ok,ok,ok
st_059dff501f0b,36e803127568,BTCUSDT,228711839997651,2026-10-02T15:45:32.018321+00:00,down,5,-2.027,2.0,85356.45,85176.84050436587,True,2.0,2026-10-02T15:45:28.995828+00:00,3.0,5.0,True,fresh,84500.1,85740.7,85120.4,145.75,0.989967,1.004502,0.992055,1.00662,True,2026-10-02T15:45:59.347112+00:00,0,0,0,1,2,6,9,0.0001174806509367907105699691261,0.0002937016273419767764249228152,0.0005874032546839535528498456304,ok,ok,ok,0.0001174806509367907105699691261,0.0002937016273419767764249228152,0.0005874032546839535528498456304,ok,ok,ok
st_059dff501f0b,36e803127568,BTCUSDT,228785522332723,2026-10-02T15:46:45.700656+00:00,down,5,-2.009,2.0,85332.005,85146.59602808657,True,2.0,2026-10-02T15:46:29.705268+00:00,16.0,5.0,False,stale,84500.1,85740.6,85120.35,145.73,0.990251,1.004788,0.992407,1.006976,True,2026-10-02T15:47:00.057164+00:00,0,0,1,1,2,6,10,0.0001174807199453479690814241248,0.0002937017998633699227035603120,0.0005874035997267398454071206239,ok,ok,ok,0.0001174807199453479690814241248,0.0002937017998633699227035603120,0.0005874035997267398454071206239,ok,ok,ok
st_059dff501f0b,36e803127568,BTCUSDT,228856011776196,2026-10-02T15:47:56.190099+00:00,up,5,2.045,2.0,85352.25,85162.8565908756,True,2.0,2026-10-02T15:47:30.390010+00:00,25.8,5.0,False,stale,84500.1,85740.7,85120.4,145.75,0.990016,1.004551,0.992218,1.006785,True,2026-10-02T15:48:00.739962+00:00,0,1,1,1,2,6,10,0.0001174806509367907105699691261,0.0002937016273419767764249228152,0.0005874032546839535528498456304,ok,ok,ok,0.0001174806509367907105699691261,0.0002937016273419767764249228152,0.0005874032546839535528498456304,ok,ok,ok
st_059dff501f0b,36e803127568,BTCUSDT,228916316924382,2026-10-02T15:48:56.495248+00:00,down,5,-2.517,2.0,85403.65,85205.26495270523,True,2.0,2026-10-02T15:48:31.125455+00:00,25.4,5.0,False,stale,84500.3,85786.0,85143.15,151.0,0.989423,1.004477,0.991726,1.006816,True,2026-10-02T15:49:01.937851+00:00,0,0,1,1,2,6,10,0.0001174492604513692528406571756,0.0002936231511284231321016429390,0.0005872463022568462642032858780,ok,ok,ok,0.0001174492604513692528406571756,0.0002936231511284231321016429390,0.0005872463022568462642032858780,ok,ok,ok
st_059dff501f0b,36e803127568,BTCUSDT,228980728842788,2026-10-02T15:50:00.907166+00:00,up,5,2.57,2.0,85411.95,85207.49865885967,True,2.0,2026-10-02T15:49:32.363643+00:00,28.5,5.0,False,stale,84526.8,85784.4,85155.6,147.68,0.989637,1.004361,0.992011,1.006771,True,2026-10-02T15:50:02.932198+00:00,0,1,1,1,2,6,10,0.0001174320890229180464937126860,0.0002935802225572951162342817149,0.0005871604451145902324685634298,ok,ok,ok,0.0001174320890229180464937126860,0.0002935802225572951162342817149,0.0005871604451145902324685634298,ok,ok,ok
st_059dff501f0b,36e803127568,BTCUSDT,229042794970017,2026-10-02T15:51:02.973293+00:00,up,5,2.184,2.0,85380.65,85170.42643448664,True,2.0,2026-10-02T15:50:33.272593+00:00,29.7,5.0,False,stale,84526.8,85784.4,85155.6,147.68,0.989999,1.004729,0.992443,1.007209,True,2026-10-02T15:51:03.608761+00:00,1,1,1,1,2,6,10,0.0001174320890229180464937126860,0.0002935802225572951162342817149,0.0005871604451145902324685634298,ok,ok,ok,0.0001174320890229180464937126860,0.0002935802225572951162342817149,0.0005871604451145902324685634298,ok,ok,ok
st_059dff501f0b,36e803127568,BTCUSDT,229102879684498,2026-10-02T15:52:03.058007+00:00,down,5,-2.997,2.0,85392.65,85179.48989410179,True,2.0,2026-10-02T15:51:33.951913+00:00,29.1,5.0,False,stale,84529.6,85784.4,85157.0,147.35,0.989893,1.004588,0.99237,1.007102,True,2026-10-02T15:52:04.286448+00:00,0,1,1,1,2,6,10,0.0001174301584132836995197106521,0.0002935753960332092487992766302,0.0005871507920664184975985532604,ok,ok,ok,0.0001174301584132836995197106521,0.0002935753960332092487992766302,0.0005871507920664184975985532604,ok,ok,ok
st_059dff501f0b,36e803127568,BTCUSDT,229166135057089,2026-10-02T15:53:06.313380+00:00,down,5,-3.02,2.0,85311.58499999999,85095.64907663128,True,2.0,2026-10-02T15:53:04.988230+00:00,1.3,5.0,True,fresh,84529.6,85784.5,85157.05,147.36,0.990834,1.005543,0.993348,1.008095,True,2026-10-02T15:53:35.332636+00:00,0,0,0,1,2,5,9,0.0001174300894641136582349905263,0.0002935752236602841455874763158,0.0005871504473205682911749526316,ok,ok,ok,0.0001174300894641136582349905263,0.0002935752236602841455874763158,0.0005871504473205682911749526316,ok,ok,ok
st_059dff501f0b,36e803127568,BTCUSDT,229226149070802,2026-10-02T15:54:06.327394+00:00,up,5,2.72,2.0,85321.25,85106.7478761965,True,2.0,2026-10-02T15:54:05.682770+00:00,0.6,5.0,True,fresh,84538.3,85784.4,85161.35,146.32,0.990824,1.005428,0.993321,1.007962,True,2026-10-02T15:54:36.026672+00:00,0,0,0,1,1,5,9,0.0001174241601383726303070583076,0.0002935604003459315757676457689,0.0005871208006918631515352915378,ok,ok,ok,0.0001174241601383726303070583076,0.0002935604003459315757676457689,0.0005871208006918631515352915378,ok,ok,ok
st_059dff501f0b,36e803127568,BTCUSDT,229292239838924,2026-10-02T15:55:12.418162+00:00,up,5,2.077,2.0,85242.75,85028.44522933793,True,2.0,2026-10-02T15:55:06.388115+00:00,6.0,5.0,False,stale,84538.4,85258.6,84898.5,84.83,0.991737,1.000186,0.994237,1.002707,True,2026-10-02T15:55:36.731982+00:00,0,0,0,1,2,6,10,0.0001177877112080896600057715978,0.0002944692780202241500144289946,0.0005889385560404483000288579892,ok,ok,ok,0.0001177877112080896600057715978,0.0002944692780202241500144289946,0.0005889385560404483000288579892,ok,ok,ok
st_059dff501f0b,36e803127568,BTCUSDT,229352623309118,2026-10-02T15:56:12.801632+00:00,down,5,-3.123,3.069,85252.225,85035.66636215732,True,2.0,2026-10-02T15:56:07.073810+00:00,5.7,5.0,False,stale,84538.3,85258.6,84898.45,84.84,0.991626,1.000075,0.994151,1.002622,True,2026-10-02T15:56:37.431144+00:00,0,0,0,1,2,6,10,0.0001177877805778550727368992013,0.0002944694514446376818422480033,0.0005889389028892753636844960067,ok,ok,ok,0.0001177877805778550727368992013,0.0002944694514446376818422480033,0.0005889389028892753636844960067,ok,ok,ok
st_059dff501f0b,36e803127568,BTCUSDT,229432703873284,2026-10-02T15:57:32.882197+00:00,up,5,2.345,2.0,85290.75,85073.49472010774,True,2.0,2026-10-02T15:57:07.791707+00:00,25.1,5.0,False,stale,84546.8,85258.6,84902.7,83.84,0.991277,0.999623,0.993809,1.002176,True,2026-10-02T15:57:38.273063+00:00,0,0,1,1,2,6,10,0.0001177818844394819010467276070,0.0002944547110987047526168190175,0.0005889094221974095052336380351,ok,ok,ok,0.0001177818844394819010467276070,0.0002944547110987047526168190175,0.0005889094221974095052336380351,ok,ok,ok
st_059dff501f0b,36e803127568,BTCUSDT,229569125435462,2026-10-02T15:59:49.303759+00:00,up,5,2.013,2.0,85309.32500000001,85091.8479730296,True,2.0,2026-10-02T15:59:40.925654+00:00,8.4,5.0,False,stale,84500.1,85258.6,84879.35,89.36,0.990514,0.999405,0.993046,1.00196,True,2026-10-02T16:00:11.298051+00:00,0,0,0,1,2,6,10,0.0001178142858068540817053853499,0.0002945357145171352042634633748,0.0005890714290342704085269267496,ok,ok,ok,0.0001178142858068540817053853499,0.0002945357145171352042634633748,0.0005890714290342704085269267496,ok,ok,ok
st_059dff501f0b,36e803127568,BTCUSDT,229636507110059,2026-10-02T16:00:56.685433+00:00,up,5,2.25,2.0,85338.35,85120.79898028955,True,2.0,2026-10-02T16:00:41.780643+00:00,14.9,5.0,False,stale,84500.1,85258.6,84879.35,89.36,0.990177,0.999065,0.992708,1.001619,True,2026-10-02T16:01:12.273627+00:00,0,0,0,1,2,6,10,0.0001178142858068540817053853499,0.0002945357145171352042634633748,0.0005890714290342704085269267496,ok,ok,ok,0.0001178142858068540817053853499,0.0002945357145171352042634633748,0.0005890714290342704085269267496,ok,ok,ok
st_059dff501f0b,36e803127568,BTCUSDT,229705530826607,2026-10-02T16:02:05.709150+00:00,up,5,2.299,2.0,85502.805,85284.83473908149,True,2.0,2026-10-02T16:01:42.846530+00:00,22.9,5.0,False,stale,84879.5,85906.2,85392.85,120.23,0.99271,1.004718,0.995247,1.007286,True,2026-10-02T16:02:13.211388+00:00,0,0,1,1,2,6,10,0.0001171058232627204736696339331,0.0002927645581568011841740848326,0.0005855291163136023683481696653,ok,ok,ok,0.0001171058232627204736696339331,0.0002927645581568011841740848326,0.0005855291163136023683481696653,ok,ok,ok
st_059dff501f0b,36e803127568,BTCUSDT,229771657558565,2026-10-02T16:03:11.835881+00:00,down,5,-2.434,2.069,85441.85,85224.03513020878,True,2.0,2026-10-02T16:02:43.492153+00:00,28.3,5.0,False,stale,84879.5,85861.4,85370.45,115.02,0.993418,1.00491,0.995957,1.007479,True,2026-10-02T16:03:13.772803+00:00,0,1,1,1,2,6,10,0.0001171365501763197921529053671,0.0002928413754407994803822634178,0.0005856827508815989607645268357,ok,ok,ok,0.0001171365501763197921529053671,0.0002928413754407994803822634178,0.0005856827508815989607645268357,ok,ok,ok
st_059dff501f0b,36e803127568,BTCUSDT,229833357342685,2026-10-02T16:04:13.535666+00:00,up,5,2.271,2.137,85418.55,85200.7945283429,True,2.0,2026-10-02T16:03:44.043317+00:00,29.5,5.0,False,stale,84879.5,85861.4,85370.45,115.02,0.993689,1.005184,0.996229,1.007754,True,2026-10-02T16:04:14.316473+00:00,1,1,1,1,2,6,10,0.0001171365501763197921529053671,0.0002928413754407994803822634178,0.0005856827508815989607645268357,ok,ok,ok,0.0001171365501763197921529053671,0.0002928413754407994803822634178,0.0005856827508815989607645268357,ok,ok,ok
st_059dff501f0b,36e803127568,BTCUSDT,229897926767949,2026-10-02T16:05:18.105091+00:00,down,5,-2.129,2.0,85466.75,85249.22116187423,True,2.0,2026-10-02T16:05:14.871153+00:00,3.2,5.0,True,fresh,84879.5,85861.4,85370.45,115.02,0.993129,1.004618,0.995663,1.007181,True,2026-10-02T16:05:45.157249+00:00,0,0,0,1,2,6,9,0.0001171365501763197921529053671,0.0002928413754407994803822634178,0.0005856827508815989607645268357,ok,ok,ok,0.0001171365501763197921529053671,0.0002928413754407994803822634178,0.0005856827508815989607645268357,ok,ok,ok
st_059dff501f0b,36e803127568,BTCUSDT,229965414859251,2026-10-02T16:06:25.593183+00:00,down,5,-2.089,2.0,85406.005,85188.63076924227,True,2.0,2026-10-02T16:06:15.501612+00:00,10.1,5.0,False,stale,84879.5,85861.4,85370.45,115.02,0.993835,1.005332,0.996371,1.007897,True,2026-10-02T16:06:45.840984+00:00,0,0,0,1,2,6,10,0.0001171365501763197921529053671,0.0002928413754407994803822634178,0.0005856827508815989607645268357,ok,ok,ok,0.0001171365501763197921529053671,0.0002928413754407994803822634178,0.0005856827508815989607645268357,ok,ok,ok
st_059dff501f0b,36e803127568,BTCUSDT,230025418220610,2026-10-02T16:07:25.596544+00:00,up,5,2.073,2.0,85375.25,85157.95404646022,True,2.0,2026-10-02T16:07:16.186523+00:00,9.4,5.0,False,stale,84879.4,85856.1,85367.75,114.41,0.994192,1.005632,0.996729,1.008198,True,2026-10-02T16:07:46.535824+00:00,0,0,0,1,2,6,10,0.0001171402549557649112223292754,0.0002928506373894122780558231885,0.0005857012747788245561116463770,ok,ok,ok,0.0001171402549557649112223292754,0.0002928506373894122780558231885,0.0005857012747788245561116463770,ok,ok,ok
st_059dff501f0b,36e803127568,BTCUSDT,230085460522939,2026-10-02T16:08:25.638846+00:00,up,5,4.64,2.0,85284.845,85067.77914406672,True,2.0,2026-10-02T16:08:16.879191+00:00,8.8,5.0,False,stale,84879.4,85763.5,85321.45,103.62,0.995246,1.005612,0.997786,1.008178,True,2026-10-02T16:08:47.248239+00:00,0,0,0,1,2,6,10,0.0001172038215478053877424727311,0.0002930095538695134693561818277,0.0005860191077390269387123636553,ok,ok,ok,0.0001172038215478053877424727311,0.0002930095538695134693561818277,0.0005860191077390269387123636553,ok,ok,ok
st_059dff501f0b,36e803127568,BTCUSDT,230159448467503,2026-10-02T16:09:39.626791+00:00,up,5,2.064,2.0,85280.05,85062.9963482371,True,2.0,2026-10-02T16:09:17.678047+00:00,21.9,5.0,False,stale,84879.4,85775.2,85327.3,104.98,0.995302,1.005806,0.997842,1.008373,True,2026-10-02T16:09:48.337599+00:00,0,0,1,1,2,6,10,0.0001171957861083146894370266023,0.0002929894652707867235925665057,0.0005859789305415734471851330114,ok,ok,ok,0.0001171957861083146894370266023,0.0002929894652707867235925665057,0.0005859789305415734471851330114,ok,ok,ok
st_059dff501f0b,36e803127568,BTCUSDT,230219450291456,2026-10-02T16:10:39.628615+00:00,down,5,-6.5,2.611,85209.15,84992.27680197639,True,2.0,2026-10-02T16:10:18.808148+00:00,20.8,5.0,False,stale,84879.4,85775.3,85327.35,105.0,0.99613,1.006644,0.998672,1.009213,True,2026-10-02T16:10:49.309518+00:00,0,0,1,1,2,6,10,0.0001171957174340935233544695810,0.0002929892935852338083861739524,0.0005859785871704676167723479049,ok,ok,ok,0.0001171957174340935233544695810,0.0002929892935852338083861739524,0.0005859785871704676167723479049,ok,ok,ok
st_059dff501f0b,36e803127568,BTCUSDT,230280081836406,2026-10-02T16:11:40.260159+00:00,down,5,-2.364,2.31,85188.005,84972.0333711773,True,2.0,2026-10-02T16:11:19.639481+00:00,20.6,5.0,False,stale,84879.4,85727.2,85303.3,99.39,0.996377,1.006329,0.99891,1.008887,True,2026-10-02T16:11:49.983429+00:00,0,0,1,1,2,6,10,0.0001172287590280798046499959556,0.0002930718975701995116249898890,0.0005861437951403990232499797780,ok,ok,ok,0.0001172287590280798046499959556,0.0002930718975701995116249898890,0.0005861437951403990232499797780,ok,ok,ok
st_059dff501f0b,36e803127568,BTCUSDT,230340579033379,2026-10-02T16:12:40.757357+00:00,down,5,-2.199,2.0,85153.35,84938.16295614248,True,2.0,2026-10-02T16:12:20.320526+00:00,20.4,5.0,False,stale,84879.4,85695.0,85287.2,95.63,0.996783,1.006361,0.999308,1.00891,True,2026-10-02T16:12:50.656989+00:00,0,0,1,1,2,6,10,0.0001172508887617368139650498551,0.0002931272219043420349126246377,0.0005862544438086840698252492754,ok,ok,ok,0.0001172508887617368139650498551,0.0002931272219043420349126246377,0.0005862544438086840698252492754,ok,ok,ok
st_059dff501f0b,36e803127568,BTCUSDT,230418881268924,2026-10-02T16:13:59.059592+00:00,down,5,-2.489,2.0,85191.45,84989.69715197492,True,2.0,2026-10-02T16:13:51.188099+00:00,7.9,5.0,False,stale,84879.4,85658.8,85269.1,91.4,0.996337,1.005486,0.998702,1.007873,True,2026-10-02T16:14:21.448701+00:00,0,0,0,1,2,6,10,0.0001172757775090859408625164333,0.0002931894437727148521562910832,0.0005863788875454297043125821663,ok,ok,ok,0.0001172757775090859408625164333,0.0002931894437727148521562910832,0.0005863788875454297043125821663,ok,ok,ok
st_059dff501f0b,36e803127568,BTCUSDT,230486726839700,2026-10-02T16:15:06.905163+00:00,up,5,2.218,2.0,85221.45,85041.4945258079,True,2.0,2026-10-02T16:14:51.715251+00:00,15.2,5.0,False,stale,84879.4,85660.7,85270.05,91.63,0.995986,1.005154,0.998094,1.007281,True,2026-10-02T16:15:21.993619+00:00,0,0,0,1,2,6,10,0.0001172744709308837041845290345,0.0002931861773272092604613225863,0.0005863723546544185209226451726,ok,ok,ok,0.0001172744709308837041845290345,0.0002931861773272092604613225863,0.0005863723546544185209226451726,ok,ok,ok
st_059dff501f0b,36e803127568,BTCUSDT,230549930202150,2026-10-02T16:16:10.108526+00:00,up,5,2.35,2.0,85262.05,85110.93188469463,True,2.0,2026-10-02T16:15:52.266147+00:00,17.8,5.0,False,stale,84879.4,85660.6,85270.0,91.61,0.995512,1.004674,0.99728,1.006458,True,2026-10-02T16:16:22.541460+00:00,0,0,1,1,2,6,10,0.0001172745396974316875806262460,0.0002931863492435792189515656151,0.0005863726984871584379031312302,ok,ok,ok,0.0001172745396974316875806262460,0.0002931863492435792189515656151,0.0005863726984871584379031312302,ok,ok,ok
st_059dff501f0b,36e803127568,BTCUSDT,230614628816927,2026-10-02T16:17:14.807140+00:00,down,5,-2.159,2.0,85290.63500000001,85164.3157468925,True,2.0,2026-10-02T16:16:53.099943+00:00,21.7,5.0,False,stale,84879.4,85660.6,85270.0,91.61,0.995178,1.004338,0.996655,1.005827,True,2026-10-02T16:17:23.743805+00:00,0,0,1,1,2,6,10,0.0001172745396974316875806262460,0.0002931863492435792189515656151,0.0005863726984871584379031312302,ok,ok,ok,0.0001172745396974316875806262460,0.0002931863492435792189515656151,0.0005863726984871584379031312302,ok,ok,ok
st_059dff501f0b,36e803127568,BTCUSDT,230682411196893,2026-10-02T16:18:22.589520+00:00,up,5,2.11,2.0,85319.15,85202.57967261199,True,2.0,2026-10-02T16:17:54.138322+00:00,28.5,5.0,False,stale,84879.4,85660.6,85270.0,91.61,0.994846,1.004002,0.996207,1.005376,True,2026-10-02T16:18:24.594582+00:00,0,1,1,1,2,6,10,0.0001172745396974316875806262460,0.0002931863492435792189515656151,0.0005863726984871584379031312302,ok,ok,ok,0.0001172745396974316875806262460,0.0002931863492435792189515656151,0.0005863726984871584379031312302,ok,ok,ok
st_059dff501f0b,36e803127568,BTCUSDT,230764210111969,2026-10-02T16:19:44.388435+00:00,down,5,-2.009,2.0,85314.005,85238.52182929755,True,2.0,2026-10-02T16:19:25.132402+00:00,19.3,5.0,False,stale,84879.4,85810.5,85344.95,109.1,0.994906,1.00582,0.995787,1.00671,True,2026-10-02T16:19:55.397471+00:00,0,0,1,1,2,6,10,0.0001171715491074750175610859225,0.0002929288727686875439027148062,0.0005858577455373750878054296124,ok,ok,ok,0.0001171715491074750175610859225,0.0002929288727686875439027148062,0.0005858577455373750878054296124,ok,ok,ok
st_059dff501f0b,36e803127568,BTCUSDT,230824248964042,2026-10-02T16:20:44.427287+00:00,up,5,3.424,2.0,85303.05,85246.931313267,True,2.0,2026-10-02T16:20:25.677023+00:00,18.8,5.0,False,stale,84879.4,85780.5,85329.95,105.6,0.995034,1.005597,0.995689,1.006259,True,2026-10-02T16:20:55.955915+00:00,0,0,1,1,2,6,10,0.0001171921464854954210098564455,0.0002929803662137385525246411137,0.0005859607324274771050492822274,ok,ok,ok,0.0001171921464854954210098564455,0.0002929803662137385525246411137,0.0005859607324274771050492822274,ok,ok,ok
st_059dff501f0b,36e803127568,BTCUSDT,230913875310906,2026-10-02T16:22:14.053634+00:00,down,5,-2.251,2.0,85283.35,85241.06420960078,True,2.0,2026-10-02T16:21:56.477133+00:00,17.6,5.0,False,stale,84879.4,85758.6,85319.0,103.05,0.995263,1.005573,0.995757,1.006071,True,2026-10-02T16:22:26.740580+00:00,0,0,1,1,2,6,10,0.0001172071871447157139675804920,0.0002930179678617892849189512301,0.0005860359357235785698379024602,ok,ok,ok,0.0001172071871447157139675804920,0.0002930179678617892849189512301,0.0005860359357235785698379024602,ok,ok,ok
st_059dff501f0b,36e803127568,BTCUSDT,230984397491660,2026-10-02T16:23:24.575815+00:00,down,5,-2.841,2.0,85183.95,85173.95626911607,True,2.0,2026-10-02T16:22:57.004898+00:00,27.6,5.0,False,stale,84879.4,85758.7,85319.05,103.06,0.996425,1.006747,0.996542,1.006865,True,2026-10-02T16:23:27.284888+00:00,0,1,1,1,2,6,10,0.0001172071184571323754776922622,0.0002930177961428309386942306554,0.0005860355922856618773884613108,ok,ok,ok,0.0001172071184571323754776922622,0.0002930177961428309386942306554,0.0005860355922856618773884613108,ok,ok,ok
st_059dff501f0b,36e803127568,BTCUSDT,231044406545493,2026-10-02T16:24:24.584869+00:00,down,5,-2.36,2.0,85175.55,85170.40601511695,True,2.0,2026-10-02T16:23:57.544436+00:00,27.0,5.0,False,stale,84879.4,85699.1,85289.25,96.11,0.996523,1.006147,0.996583,1.006207,True,2026-10-02T16:24:27.821134+00:00,0,1,1,1,2,6,10,0.0001172480705364392347218436087,0.0002931201763410980868046090217,0.0005862403526821961736092180433,ok,ok,ok,0.0001172480705364392347218436087,0.0002931201763410980868046090217,0.0005862403526821961736092180433,ok,ok,ok
st_059dff501f0b,36e803127568,BTCUSDT,231111137691894,2026-10-02T16:25:31.316015+00:00,up,5,2.083,2.0,85187.75,85203.67691013787,True,2.0,2026-10-02T16:25:28.739193+00:00,2.6,5.0,True,fresh,84879.4,85629.8,85254.6,88.02,0.99638,1.005189,0.996194,1.005001,True,2026-10-02T16:25:59.638449+00:00,0,0,0,1,2,5,9,0.0001172957236325078060304077434,0.0002932393090812695150760193585,0.0005864786181625390301520387170,ok,ok,ok,0.0001172957236325078060304077434,0.0002932393090812695150760193585,0.0005864786181625390301520387170,ok,ok,ok
st_059dff501f0b,36e803127568,BTCUSDT,231211653092625,2026-10-02T16:27:11.831416+00:00,up,5,2.055,2.039,85177.55,85199.52682177137,True,2.0,2026-10-02T16:27:00.381939+00:00,11.4,5.0,False,stale,84879.4,85629.8,85254.6,88.02,0.9965,1.005309,0.996243,1.00505,True,2026-10-02T16:27:30.873552+00:00,0,0,0,1,2,6,10,0.0001172957236325078060304077434,0.0002932393090812695150760193585,0.0005864786181625390301520387170,ok,ok,ok,0.0001172957236325078060304077434,0.0002932393090812695150760193585,0.0005864786181625390301520387170,ok,ok,ok
st_059dff501f0b,36e803127568,BTCUSDT,231271660727217,2026-10-02T16:28:11.839050+00:00,down,5,-2.136,2.0,85210.35,85237.27315569208,True,2.0,2026-10-02T16:28:01.179240+00:00,10.7,5.0,False,stale,84879.4,85629.8,85254.6,88.02,0.996116,1.004923,0.995801,1.004605,True,2026-10-02T16:28:31.440009+00:00,0,0,0,1,2,6,8,0.0001172957236325078060304077434,0.0002932393090812695150760193585,0.0005864786181625390301520387170,ok,ok,ok,0.0001172957236325078060304077434,0.0002932393090812695150760193585,0.0005864786181625390301520387170,ok,ok,ok
st_059dff501f0b,36e803127568,BTCUSDT,231361466746899,2026-10-02T16:29:41.645070+00:00,down,5,-2.5,2.0,85176.05,85210.38218416397,True,2.0,2026-10-02T16:29:32.071215+00:00,9.6,5.0,False,stale,84879.4,85604.0,85241.7,85.01,0.996517,1.005024,0.996116,1.004619,True,2026-10-02T16:30:02.333656+00:00,0,0,0,1,2,5,5,0.0001173134745083685567040544710,0.0002932836862709213917601361775,0.0005865673725418427835202723550,ok,ok,ok,0.0001173134745083685567040544710,0.0002932836862709213917601361775,0.0005865673725418427835202723550,ok,ok,ok
st_059dff501f0b,36e803127568,BTCUSDT,231474102719239,2026-10-02T16:31:34.281043+00:00,down,5,-2.77,2.0,85188.05,85226.94114965881,True,2.0,2026-10-02T16:31:33.122600+00:00,1.2,5.0,True,fresh,84879.4,85603.9,85241.65,84.99,0.996377,1.004882,0.995922,1.004423,True,2026-10-02T16:32:03.389788+00:00,0,0,0,1,1,1,1,0.0001173135433206654258804234784,0.0002932838583016635647010586961,0.0005865677166033271294021173921,ok,ok,ok,0.0001173135433206654258804234784,0.0002932838583016635647010586961,0.0005865677166033271294021173921,ok,ok,ok
